Resolution,Site,Year_Month,Total_surface_dic_masked,MeanTemp,MeanTemp_whole_mask_no_weighted
0.1,4,2004_01,7310504971864.821,27.770847484134947,11.698724365234398
0.1,7,2004_01,6587324208193.352,21.241688609859466,23.335229492187523
0.1,12,2004_01,29041123737382.617,-1.2639126181966844,3.3780456542968977
0.1,4,2004_02,10363097226798.951,27.956328610542585,11.430535888671898
0.1,7,2004_02,9418044605444.174,22.015003974811123,23.598016357421898
0.1,12,2004_02,27958268797536.508,-1.0698454299993045,3.8146911621093977
0.1,4,2004_03,8281719644043.871,27.894537133389406,11.387292480468773
0.1,7,2004_03,6323781731503.587,21.504267125861134,23.546289062500023
0.1,12,2004_03,16243735710186.068,-1.7695114382434554,3.4118286132812727
0.1,4,2004_04,7282283867494.785,27.98125626797912,11.659814453125023
0.1,7,2004_04,4802368059873.056,20.781255719505793,23.460565185546898
0.1,12,2004_04,10736282235166.25,-1.8437236375789325,2.6860595703125227
0.1,4,2004_05,7339046100342.534,27.779370948375743,12.251977539062523
0.1,7,2004_05,3436383743618.3477,19.58242205238929,23.018548583984398
0.1,12,2004_05,6934380934148.416,-1.852129895319706,1.9201293945312727
0.1,4,2004_06,5896013439017.133,27.641742705711295,13.425408935546898
0.1,7,2004_06,2484184057463.05,18.145580251347724,22.331231689453148
0.1,12,2004_06,4429853943762.87,-1.8588054691140883,1.4313598632812727
0.1,4,2004_07,4657908974449.064,27.64255444150581,14.777337646484398
0.1,7,2004_07,1879104675265.2031,17.017953954769837,21.840478515625023
0.1,12,2004_07,3074426641989.0957,-1.858083651958566,1.1082397460937727
0.1,4,2004_08,3894800403432.132,27.963013860732758,15.518548583984398
0.1,7,2004_08,1571176441813.2676,16.13877952273026,21.532464599609398
0.1,12,2004_08,1840321216509.1719,-1.8510280185498686,0.9089904785156477
0.1,4,2004_09,3477803380036.6333,28.283921619270814,14.904656982421898
0.1,7,2004_09,1290121969956.8875,15.768038239109728,21.589532470703148
0.1,12,2004_09,1476215809292.5051,-1.8404361693691271,0.8374267578125227
0.1,4,2004_10,3302200829656.741,28.25015075752384,13.912561035156273
0.1,7,2004_10,1088750351783.752,16.178103503594343,21.883416748046898
0.1,12,2004_10,1333834903568.6816,-1.8362438544303927,0.9427429199218977
0.1,4,2004_11,3171711334274.296,27.788849930057495,12.945489501953148
0.1,7,2004_11,949198526278.3503,16.7777825401771,22.392419433593773
0.1,12,2004_11,1234870770834.1704,-1.7149411647031343,1.3106933593750227
0.1,4,2004_12,2939662427663.309,27.340318697164435,12.228723144531273
0.1,7,2004_12,765080454319.9498,18.31327195428247,22.859918212890648
0.1,12,2004_12,1028193054050.4425,-1.067516982426639,2.3387084960937727
0.1,4,2005_01,2610751789065.288,26.936829042519093,11.759881591796898
0.1,7,2005_01,608170725175.9114,19.287068740525626,23.259301757812523
0.1,12,2005_01,927337938617.5116,-0.8626024382838864,3.6229797363281477
0.1,4,2005_02,2280882620662.549,26.691967430473994,11.558740234375023
0.1,7,2005_02,518124837281.68604,19.65870362132847,23.580499267578148
0.1,12,2005_02,796554448628.8488,-0.8555123376007145,3.9257751464843977
0.1,4,2005_03,2032880365076.0042,26.814433366289904,11.563165283203148
0.1,7,2005_03,475543558339.0243,19.690062498386794,23.689996337890648
0.1,12,2005_03,716230585055.4502,-1.3168877122981257,3.3850341796875227
0.1,4,2005_04,1810650243893.6377,27.02238498340688,11.828454589843773
0.1,7,2005_04,470551665420.1885,18.77806135137064,23.448480224609398
0.1,12,2005_04,749639125833.7028,-1.635707228322758,2.5670410156250227
0.1,4,2005_05,1642993293533.5798,27.412435168506818,12.437066650390648
0.1,7,2005_05,487473032873.76514,17.81206137843492,23.082818603515648
0.1,12,2005_05,780110429119.2981,-1.7859598689327072,1.9257446289062727
0.1,4,2005_06,1497001254464.6313,27.67807345914872,13.564324951171898
0.1,7,2005_06,543786989440.9734,16.676605596296667,22.469445800781273
0.1,12,2005_06,797663012187.3823,-1.8237590296122903,1.4797302246093977
0.1,4,2005_07,1386358763398.055,27.818077419389397,14.866662597656273
0.1,7,2005_07,586584569374.9062,15.673207481165548,21.928216552734398
0.1,12,2005_07,813547403749.8152,-1.8432276164118662,1.1161743164062727
0.1,4,2005_08,1293259431395.9446,27.956507670672124,15.501702880859398
0.1,7,2005_08,556375702711.2963,15.28617273311545,21.608392333984398
0.1,12,2005_08,849209727967.2178,-1.8423912395527964,0.8977294921875227
0.1,4,2005_09,1231787080065.83,27.9357361633285,14.954339599609398
0.1,7,2005_09,510833733463.8796,15.074799247698877,21.597863769531273
0.1,12,2005_09,829828602464.0509,-1.8404938891014808,0.8255249023437727
0.1,4,2005_10,1184175482773.837,27.66576306695123,13.876733398437523
0.1,7,2005_10,447938215145.5061,15.193610152091082,21.913293457031273
0.1,12,2005_10,786591706725.4553,-1.751613430376267,0.9318786621093977
0.1,4,2005_11,1117002845864.7625,27.05576352485582,12.921655273437523
0.1,7,2005_11,367054835571.17633,16.071439189645446,22.323693847656273
0.1,12,2005_11,683396792027.49,-1.356155987559191,1.3553710937500227
0.1,4,2005_12,1023903094738.8563,26.535579553762318,12.219628906250023
0.1,7,2005_12,282173443001.11475,17.189481303473485,22.873834228515648
0.1,12,2005_12,552756059827.6511,-0.6604122902025438,2.3702331542968977
0.1,4,2006_01,939213005228.7708,26.094845025161817,11.760278320312523
0.1,7,2006_01,218761611840.28775,18.653873343142493,23.191461181640648
0.1,12,2006_01,413412436637.4161,0.4739093048208929,3.7628723144531477
0.1,4,2006_02,851070089182.4402,25.88782710421941,11.523065185546898
0.1,7,2006_02,185730034778.5441,19.11173497718636,23.505700683593773
0.1,12,2006_02,290297405753.33844,1.1325788716768557,4.062219238281273
0.1,4,2006_03,772872304025.3057,26.0499148574811,11.482812500000023
0.1,7,2006_03,158911462498.97806,19.390872031472043,23.542169189453148
0.1,12,2006_03,255490411087.99573,0.3374852580250831,3.5876098632812727
0.1,4,2006_04,709077507688.0707,26.477032425928883,11.822442626953148
0.1,7,2006_04,160533517510.29895,18.34769755177524,23.358148193359398
0.1,12,2006_04,295549925382.124,-0.8536500682840256,2.7416015625000227
0.1,4,2006_05,648634641735.3228,26.80034416745235,12.570886230468773
0.1,7,2006_05,170453319940.72803,17.355046963456516,23.030450439453148
0.1,12,2006_05,373441976900.94165,-1.3798809884245884,2.0368286132812727
0.1,4,2006_06,590742934567.4198,27.128338859345774,13.665155029296898
0.1,7,2006_06,193262423954.67593,16.491612038801293,22.467889404296898
0.1,12,2006_06,423084266405.71893,-1.6502861625962737,1.4962402343750227
0.1,4,2006_07,536971897847.3426,27.192970387060825,14.969903564453148
0.1,7,2006_07,213672105286.59738,15.716889086045398,21.882592773437523
0.1,12,2006_07,465905807325.3256,-1.7728245797828777,1.1474243164062727
0.1,4,2006_08,490807995563.6758,27.22259873358462,15.628076171875023
0.1,7,2006_08,234500765266.45383,15.098945551306542,21.567407226562523
0.1,12,2006_08,494110650442.0191,-1.8210064612835595,0.9169555664062727
0.1,4,2006_09,460957072501.65076,27.221640174766378,15.098016357421898
0.1,7,2006_09,229130995172.08817,14.919606247383967,21.600671386718773
0.1,12,2006_09,485177184256.7258,-1.8270976638841603,0.8283935546875227
0.1,4,2006_10,438507039426.4831,26.994762717043216,14.056695556640648
0.1,7,2006_10,201790982136.69284,15.257189919787493,21.778314208984398
0.1,12,2006_10,455866373236.44556,-1.782354329534428,0.9298645019531477
0.1,4,2006_11,424450865493.40137,26.494504136966043,13.028741455078148
0.1,7,2006_11,165906852413.484,16.635205597647598,22.368096923828148
0.1,12,2006_11,408571404249.50745,-1.3808048176017564,1.3143859863281477
0.1,4,2006_12,413269870703.97003,25.854558555607525,12.263970947265648
0.1,7,2006_12,131419422769.11755,17.939037204764986,22.899438476562523
0.1,12,2006_12,323102918168.2883,-0.3882967307691274,2.3605285644531477
0.1,4,2007_01,395919427476.37177,25.51553834083876,11.799951171875023
0.1,7,2007_01,104383740997.65161,19.068190409317708,23.346002197265648
0.1,12,2007_01,237255280783.23563,0.42874066277732936,3.4333435058593977
0.1,4,2007_02,371202808004.3171,25.458867778370006,11.558740234375023
0.1,7,2007_02,91433617063.61125,19.56085368716407,23.676995849609398
0.1,12,2007_02,182403506443.34818,0.7367289755965203,3.8085571289062727
0.1,4,2007_03,345377479264.04144,25.561807677523518,11.529290771484398
0.1,7,2007_03,86732514183.66754,18.986914639537815,23.633843994140648
0.1,12,2007_03,180310216594.88538,-0.42432205150464597,3.3688903808593977
0.1,4,2007_04,323078658224.3544,25.877366282385935,11.801507568359398
0.1,7,2007_04,88965392662.27496,18.09246727381742,23.426721191406273
0.1,12,2007_04,189152754873.52963,-1.0252228329925401,2.6649719238281477
0.1,4,2007_05,293941230439.3267,26.2309137568609,12.399133300781273
0.1,7,2007_05,97611294844.9327,17.034403301254656,23.058038330078148
0.1,12,2007_05,206043924503.1303,-1.4971886816269375,1.9667907714843977
0.1,4,2007_06,259060994950.34848,26.338263760138204,13.443261718750023
0.1,7,2007_06,107799969934.41914,16.271102090199065,22.551141357421898
0.1,12,2007_06,219130162357.95834,-1.6972226296368262,1.4750305175781477
0.1,4,2007_07,227614674128.7429,26.548675241621936,14.705590820312523
0.1,7,2007_07,128128655263.35312,15.222080085766777,21.984063720703148
0.1,12,2007_07,231638024984.36615,-1.766543766179666,1.1402832031250227
0.1,4,2007_08,204427615497.26636,26.580324596375988,15.227716064453148
0.1,7,2007_08,144222517321.0719,14.848642588221765,21.673577880859398
0.1,12,2007_08,233808712726.64124,-1.7887666972271745,0.9193969726562727
0.1,4,2007_09,190158407073.6186,26.61861046305563,14.773156738281273
0.1,7,2007_09,143863014693.99194,14.72669705389211,21.657800292968773
0.1,12,2007_09,225222254965.98392,-1.7963808483735306,0.8330017089843977
0.1,4,2007_10,181972063846.8368,26.314500022651885,13.849603271484398
0.1,7,2007_10,124998988810.51915,15.225217655759309,21.878137207031273
0.1,12,2007_10,217847626728.4841,-1.715813039667239,0.9636474609375227
0.1,4,2007_11,182115087197.59103,25.61381542700866,12.907281494140648
0.1,7,2007_11,99653036218.39748,16.470020624343647,22.335656738281273
0.1,12,2007_11,203294426838.5373,-1.5473497356668986,1.2976623535156477
0.1,4,2007_12,180948484906.2425,24.853890819553385,12.119500732421898
0.1,7,2007_12,79714090563.66087,17.693551940725854,22.871575927734398
0.1,12,2007_12,174650127025.1986,-0.9344671053722209,2.0858703613281477
0.25,4,2004_1,7393948065600.206,27.750897089818693,11.787774658203148
0.25,7,2004_1,6586176237558.405,21.14292748552691,23.335473632812523
0.25,12,2004_1,28412057634331.867,-1.1660753321909283,3.2977539062500227
0.25,4,2004_2,9565696138100.455,27.951365252858636,11.549645996093773
0.25,7,2004_2,8988718270713.354,22.004628770809518,23.596520996093773
0.25,12,2004_2,25521391540452.016,-0.9814105302854159,3.7528320312500227
0.25,4,2004_3,7257249555909.35,27.907664869784696,11.506524658203148
0.25,7,2004_3,5798713095154.979,21.48936302210194,23.533715820312523
0.25,12,2004_3,14801512621238.176,-1.7741010447329018,3.3319030761718977
0.25,4,2004_4,7183322865316.418,28.014635735606134,11.747979736328148
0.25,7,2004_4,4071933875452.4204,20.853067540342636,23.447015380859398
0.25,12,2004_4,10005311169004.262,-1.8465664495985834,2.6107116699218977
0.25,4,2004_5,7549544007688.895,27.81424409841395,12.315301513671898
0.25,7,2004_5,2700643337683.8545,19.784007342009318,23.012536621093773
0.25,12,2004_5,6335781240099.965,-1.8507865105785868,1.8619934082031477
0.25,4,2004_6,6245192214713.732,27.65628734677773,13.465570068359398
0.25,7,2004_6,1880171921987.2761,18.22686948272792,22.331018066406273
0.25,12,2004_6,3615009798346.227,-1.8496207611003115,1.3976684570312727
0.25,4,2004_7,5079078469806.933,27.629408200692353,14.738519287109398
0.25,7,2004_7,1398002744353.6711,16.955027743089772,21.854638671875023
0.25,12,2004_7,2319705071462.305,-1.8341844706359325,1.1069274902343977
0.25,4,2004_8,4297363502341.407,27.906858380471647,15.493737792968773
0.25,7,2004_8,1096204504302.4789,16.198738188521133,21.561456298828148
0.25,12,2004_8,1539657143721.3179,-1.8201659940336299,0.9361511230468977
0.25,4,2004_9,3904649744910.2705,28.21972993046586,14.894433593750023
0.25,7,2004_9,892968627293.4668,15.833136061458731,21.608605957031273
0.25,12,2004_9,1273095467234.254,-1.829153546399425,0.8785949707031477
0.25,4,2004_10,3759798210798.7417,28.227661650348182,13.910974121093773
0.25,7,2004_10,745777098450.3553,16.253290962011818,21.895043945312523
0.25,12,2004_10,1215031294864.838,-1.8388935770934154,0.9821411132812727
0.25,4,2004_11,3578032831556.4224,27.835421759816597,12.946435546875023
0.25,7,2004_11,618314814796.3505,16.938543969721252,22.407373046875023
0.25,12,2004_11,1179453270490.0688,-1.7814083968655723,1.3353515625000227
0.25,4,2004_12,3235198655392.186,27.476084847307845,12.257196044921898
0.25,7,2004_12,489735226062.5644,18.505242638299308,22.882379150390648
0.25,12,2004_12,1062386593615.4154,-1.5356082404314293,2.2981506347656477
0.25,4,2005_1,2812995514827.036,27.152507151027976,11.842034912109398
0.25,7,2005_1,407710976796.0158,19.51764416452147,23.277337646484398
0.25,12,2005_1,992372134509.653,-1.3393134014586963,3.5145202636718977
0.25,4,2005_2,2404298455650.5635,26.99273619110795,11.647180175781273
0.25,7,2005_2,361389154322.55176,19.8761580415308,23.586419677734398
0.25,12,2005_2,871137707942.1215,-1.3106162078637453,3.8294616699218977
0.25,4,2005_3,2121364248667.4082,27.135492565935863,11.665368652343773
0.25,7,2005_3,316741122952.9797,20.04721695723231,23.684228515625023
0.25,12,2005_3,843393880507.3605,-1.6673450617856815,3.2885986328125227
0.25,4,2005_4,1898346282041.742,27.330650790611003,11.918634033203148
0.25,7,2005_4,296088343201.6273,18.97017899501418,23.436334228515648
0.25,12,2005_4,865961580256.6393,-1.8099465355883808,2.4743591308593977
0.25,4,2005_5,1752895141525.8452,27.63966420919843,12.494836425781273
0.25,7,2005_5,288808189773.05817,17.902139416289458,23.071099853515648
0.25,12,2005_5,873556200684.13,-1.8410254786256246,1.8567443847656477
0.25,4,2005_6,1596219021468.639,27.715462428367516,13.597680664062523
0.25,7,2005_6,318380727185.3586,16.63930805858081,22.469598388671898
0.25,12,2005_6,882446412309.9359,-1.8487396705367587,1.4434143066406477
0.25,4,2005_7,1483103792512.4443,27.734202117626637,14.863580322265648
0.25,7,2005_7,353675800783.9646,15.553862431415098,21.936853027343773
0.25,12,2005_7,879131880555.6029,-1.8516434120522263,1.1226135253906477
0.25,4,2005_8,1381683317632.165,27.82625225620319,15.485314941406273
0.25,7,2005_8,364316588953.547,15.151169265197325,21.631707763671898
0.25,12,2005_8,846390788807.8231,-1.8481176923283442,0.9357543945312727
0.25,4,2005_9,1312184156694.7288,27.877504099892235,14.948785400390648
0.25,7,2005_9,359065130091.11566,14.83907413948657,21.621728515625023
0.25,12,2005_9,785046685434.555,-1.8437807515659301,0.8846984863281477
0.25,4,2005_10,1272442360451.5637,27.715436962574188,13.900018310546898
0.25,7,2005_10,334669841927.38776,14.916603999954134,21.929101562500023
0.25,12,2005_10,712134952276.761,-1.7951203296336757,0.9828430175781477
0.25,4,2005_11,1210136213299.0552,27.2059576604903,12.974328613281273
0.25,7,2005_11,271926233497.4546,15.816898698086504,22.346551513671898
0.25,12,2005_11,644655734910.9133,-1.447383902688557,1.3809448242187727
0.25,4,2005_12,1116429303817.6018,26.765483228325763,12.279656982421898
0.25,7,2005_12,208685371057.80847,16.929211147585136,22.895562744140648
0.25,12,2005_12,539806043356.7528,-0.8897247560203141,2.3249145507812727
0.25,4,2006_1,1034784968561.8911,26.34624562971868,11.842675781250023
0.25,7,2006_1,157168754037.36386,18.539091916890868,23.198480224609398
0.25,12,2006_1,417138137593.6339,0.16529724748687613,3.6697326660156477
0.25,4,2006_2,946140572939.0693,26.171903389700333,11.639123535156273
0.25,7,2006_2,131188917283.58324,19.065199727681374,23.503167724609398
0.25,12,2006_2,321648898061.7587,0.478429570589185,3.9956909179687727
0.25,4,2006_3,868339533027.8004,26.33065366411654,11.621911621093773
0.25,7,2006_3,109292939423.10765,19.38999951799417,23.528131103515648
0.25,12,2006_3,308676556220.41174,-0.4331696273570742,3.4990173339843977
0.25,4,2006_4,795413362856.7693,26.710446276534526,11.923364257812523
0.25,7,2006_4,109018825130.79138,18.256693342412404,23.338555908203148
0.25,12,2006_4,343362183536.40326,-1.3380394703546017,2.6453796386718977
0.25,4,2006_5,726847145842.716,26.979935496035864,12.625543212890648
0.25,7,2006_5,117300525710.35452,17.265697425721044,23.017266845703148
0.25,12,2006_5,403649053694.7431,-1.678980150114569,1.9509216308593977
0.25,4,2006_6,666462306681.9635,27.213927673923422,13.694238281250023
0.25,7,2006_6,130831186591.74303,16.19836578661591,22.465570068359398
0.25,12,2006_6,431424454709.20044,-1.7803727426871774,1.4391723632812727
0.25,4,2006_7,608197522417.0757,27.237218461256873,14.953424072265648
0.25,7,2006_7,143098306446.268,15.439503202432377,21.897454833984398
0.25,12,2006_7,439098907630.3043,-1.8227844106986595,1.1267944335937727
0.25,4,2006_8,559499261231.248,27.286408462830025,15.622827148437523
0.25,7,2006_8,161338015787.50125,14.888585892657375,21.586846923828148
0.25,12,2006_8,425605912293.1497,-1.8267961500459364,0.9317260742187727
0.25,4,2006_9,530808455427.0798,27.32562372921842,15.119500732421898
0.25,7,2006_9,163170868102.3661,14.841869890246357,21.621453857421898
0.25,12,2006_9,400581897832.32324,-1.8304520020984114,0.8637634277343977
0.25,4,2006_10,505017485470.3615,27.18994560442593,14.083734130859398
0.25,7,2006_10,145032045255.63196,15.188660171248273,21.790399169921898
0.25,12,2006_10,372909730342.2743,-1.7987965433401882,0.9684387207031477
0.25,4,2006_11,484110191206.3526,26.758526396304717,13.046868896484398
0.25,7,2006_11,115345661921.6714,16.873905714627824,22.384881591796898
0.25,12,2006_11,333462975809.1263,-1.483030653710216,1.3239379882812727
0.25,4,2006_12,471098714139.1165,26.18276040700846,12.326623535156273
0.25,7,2006_12,89851206636.5687,18.27665189373056,22.908715820312523
0.25,12,2006_12,273739559923.24823,-0.6825862528683047,2.3030334472656477
0.25,4,2007_1,449914358074.69324,25.835901292079086,11.914575195312523
0.25,7,2007_1,72052955214.89417,19.244636727368004,23.353997802734398
0.25,12,2007_1,203958659243.95428,-0.17496862212874476,3.3408447265625227
0.25,4,2007_2,423569536393.0448,25.84421412930726,11.718865966796898
0.25,7,2007_2,63326967558.692924,19.72486393439152,23.670281982421898
0.25,12,2007_2,164989454839.20233,-0.06351900736683547,3.7354675292968977
0.25,4,2007_3,396304956251.53815,25.919751596928734,11.694512939453148
0.25,7,2007_3,59422188895.61648,19.211486498855777,23.617028808593773
0.25,12,2007_3,164619525569.22256,-0.9188253908078536,3.2924133300781477
0.25,4,2007_4,370004982651.63464,26.21099585161693,11.950830078125023
0.25,7,2007_4,60952354888.51098,18.1900539282571,23.400506591796898
0.25,12,2007_4,173010788299.74957,-1.3843173171926537,2.5722900390625227
0.25,4,2007_5,339579153913.0412,26.505537271754974,12.524468994140648
0.25,7,2007_5,67335391460.88556,16.85981195128312,23.038873291015648
0.25,12,2007_5,189108734105.65216,-1.6806802342734954,1.8868652343750227
0.25,4,2007_6,302727459497.4232,26.62791973618164,13.532250976562523
0.25,7,2007_6,71788185279.70848,16.026434985134813,22.537133789062523
0.25,12,2007_6,205177340133.0429,-1.784051179718574,1.4272705078125227
0.25,4,2007_7,271753845468.19394,26.781496910508054,14.721490478515648
0.25,7,2007_7,86775586407.9802,15.150943750324984,21.983941650390648
0.25,12,2007_7,214327520554.14713,-1.8226984203565735,1.1306396484375227
0.25,4,2007_8,246793130737.67484,26.82920786002103,15.232415771484398
0.25,7,2007_8,100846727899.30597,14.609183588031385,21.685296630859398
0.25,12,2007_8,216222195840.6755,-1.8268535135309207,0.9427734375000227
0.25,4,2007_9,229889572219.903,26.9166010215244,14.783135986328148
0.25,7,2007_9,107037394872.0819,14.410910720390063,21.672387695312523
0.25,12,2007_9,211908941683.6319,-1.8325082962598458,0.8795410156250227
0.25,4,2007_10,219974186349.08954,26.671023083294983,13.879907226562523
0.25,7,2007_10,96223176512.19142,14.905375844931825,21.887231445312523
0.25,12,2007_10,204609145550.49725,-1.7892082127293634,1.0007263183593977
0.25,4,2007_11,216855923448.68054,26.048465582841573,12.959069824218773
0.25,7,2007_11,78832796012.78265,16.074190592639695,22.345971679687523
0.25,12,2007_11,192744860057.17676,-1.6753606895071584,1.3223815917968977
0.25,4,2007_12,213838122166.71384,25.35161347365414,12.205590820312523
0.25,7,2007_12,62736304426.03642,17.152545850744332,22.879266357421898
0.25,12,2007_12,168178118176.13922,-1.2779023213200844,2.0572143554687727
1,4,2004_01,7275895776406.17,27.676060317170368,12.038323974609398
1,7,2004_01,7844467144152.594,21.14031637150822,23.258569335937523
1,12,2004_01,24037364250705.2,0.05183754652028938,3.5975280761718977
1,4,2004_02,8072877449190.067,27.895431518135865,11.801507568359398
1,7,2004_02,10226496999605.566,22.103197660417663,23.521051025390648
1,12,2004_02,21571614621557.15,0.041869927275115515,4.027642822265648
1,4,2004_03,6782398578018.24,28.014262911424453,11.747247314453148
1,7,2004_03,6340639059571.595,21.584984204669354,23.432183837890648
1,12,2004_03,11506735061119.154,-1.560777067174854,3.5513244628906477
1,4,2004_04,6388153563316.654,28.070245642541465,11.970391845703148
1,7,2004_04,4232044854729.66,21.000868125144905,23.324212646484398
1,12,2004_04,7368686560748.758,-1.8498618600427221,2.7519775390625227
1,4,2004_05,6699415461713.758,27.899891474368076,12.493371582031273
1,7,2004_05,2721138335975.17,20.021889819135765,22.867333984375023
1,12,2004_05,4478214066649.306,-1.8398012364631313,1.9433227539062727
1,4,2004_06,6148298432725.23,27.809441474897255,13.566583251953148
1,7,2004_06,1620513561170.2937,18.737618014947998,22.180810546875023
1,12,2004_06,2587615247376.9717,-1.8294131079344993,1.4442382812500227
1,4,2004_07,5603073516744.661,27.895911484773478,14.779382324218773
1,7,2004_07,1056290412490.3904,17.844215656669178,21.707818603515648
1,12,2004_07,1706010742644.2134,-1.8126327952361407,1.1375061035156477
1,4,2004_08,5024870158358.494,28.2775612045956,15.515100097656273
1,7,2004_08,784963053191.0717,17.30461522425827,21.409417724609398
1,12,2004_08,1152317603900.3408,-1.8021483970542818,0.9657531738281477
1,4,2004_09,4446521634230.436,28.66115115572393,14.978784179687523
1,7,2004_09,639818761770.638,17.03445262036189,21.455010986328148
1,12,2004_09,949440202385.2024,-1.820344926689586,0.9147888183593977
1,4,2004_10,4154867514827.3325,28.696471054741608,14.058312988281273
1,7,2004_10,560692193936.0957,17.097498245168367,21.742547607421898
1,12,2004_10,892374014404.2051,-1.836761797580607,1.0345397949218977
1,4,2004_11,3752860628391.599,28.1563599544898,13.146325683593773
1,7,2004_11,476200530461.779,17.69917423259369,22.273187255859398
1,12,2004_11,850750278490.6636,-1.7816485879914694,1.4318786621093977
1,4,2004_12,3191261737150.2134,27.616168441156844,12.494531250000023
1,7,2004_12,361585005858.7303,19.258507294674928,22.781182861328148
1,12,2004_12,744740513356.3428,-1.4965907482943521,2.5002685546875227
1,4,2005_01,2650505297739.825,27.111310569193563,12.077325439453148
1,7,2005_01,305427553134.35474,20.205011584361557,23.203179931640648
1,12,2005_01,654225009998.0828,-1.1261378232861148,3.7657104492187727
1,4,2005_02,2176111451795.5383,26.75401525591144,11.903527832031273
1,7,2005_02,270091824262.9095,20.571175610109947,23.503289794921898
1,12,2005_02,544608637227.7391,-0.9739780332078567,4.060876464843773
1,4,2005_03,1888783216628.6404,26.79513868838677,11.930871582031273
1,7,2005_03,227618190307.1524,20.966464197557514,23.583795166015648
1,12,2005_03,506514386347.2528,-1.4839272767662237,3.4922729492187727
1,4,2005_04,1673719976743.4968,27.01374117575608,12.157769775390648
1,7,2005_04,202065645420.76483,19.71592710723712,23.306390380859398
1,12,2005_04,528753623289.3351,-1.799859036548753,2.6225524902343977
1,4,2005_05,1485706293719.3408,27.515017762478465,12.695489501953148
1,7,2005_05,176608625018.2388,18.632828167724085,22.925592041015648
1,12,2005_05,552445737746.2229,-1.8449957693096053,1.9525390625000227
1,4,2005_06,1307681751585.2488,27.92621863483754,13.721459960937523
1,7,2005_06,184794719101.00552,17.385370237276277,22.320764160156273
1,12,2005_06,559025885451.9434,-1.8511801474593312,1.5075927734375227
1,4,2005_07,1221537103482.6345,28.146763498442112,14.930749511718773
1,7,2005_07,212343748209.46655,16.49627549116036,21.792810058593773
1,12,2005_07,553096680233.995,-1.8487964663952425,1.1605468750000227
1,4,2005_08,1163994561071.799,28.338508823032328,15.527368164062523
1,7,2005_08,233008328121.82724,16.15742452481743,21.481530761718773
1,12,2005_08,527467088515.4291,-1.8387059992386412,0.9617553710937727
1,4,2005_09,1133182446730.9336,28.390899685744557,15.031854248046898
1,7,2005_09,251336653119.43942,15.973289313927637,21.466516113281273
1,12,2005_09,468224140016.1402,-1.8254501609671365,0.9165893554687727
1,4,2005_10,1127317430381.2048,28.079687925829433,14.038537597656273
1,7,2005_10,245305209014.68506,16.067078476939514,21.779260253906273
1,12,2005_10,411268997164.94226,-1.7758311851487179,1.0333496093750227
1,4,2005_11,1087324852152.6471,27.422406627871624,13.162835693359398
1,7,2005_11,204682995417.83542,16.788576988737304,22.218652343750023
1,12,2005_11,370839570455.9984,-1.5371195143297882,1.4793640136718977
1,4,2005_12,1015602547015.6686,26.815769620801916,12.519433593750023
1,7,2005_12,158414189720.0245,17.795095657123,22.797448730468773
1,12,2005_12,312592201059.0456,-1.168048015822933,2.5304504394531477
1,4,2006_01,945845137471.7346,26.260653597598548,12.104608154296898
1,7,2006_01,120773051951.3176,19.264458084672754,23.118341064453148
1,12,2006_01,237534631963.60895,-0.19619959490353267,3.9210754394531477
1,4,2006_02,859989271323.6641,25.914232826894818,11.913049316406273
1,7,2006_02,100955546897.5076,19.788309699045726,23.424615478515648
1,12,2006_02,179268805558.99442,-0.05189344426190701,4.206231689453148
1,4,2006_03,786624978750.2883,25.962482720848755,11.908288574218773
1,7,2006_03,82193487082.44514,20.22183523991248,23.430413818359398
1,12,2006_03,172904059167.3708,-0.8884069784209032,3.6842895507812727
1,4,2006_04,717627009999.635,26.32032858980483,12.193170166015648
1,7,2006_04,78214773957.36182,18.875834508434252,23.205712890625023
1,12,2006_04,192904807139.24634,-1.564809460147444,2.7985168457031477
1,4,2006_05,642086341506.75,26.775233086917012,12.843652343750023
1,7,2006_05,76737628059.83969,17.92556855437192,22.875939941406273
1,12,2006_05,226834075688.94214,-1.7807548405436933,2.0601440429687727
1,4,2006_06,580901468917.2375,27.293294028025343,13.837091064453148
1,7,2006_06,85073761387.74925,16.918677122938675,22.318231201171898
1,12,2006_06,242726943729.0652,-1.8204777387932154,1.5106445312500227
1,4,2006_07,539448299896.10486,27.494839067638054,15.038262939453148
1,7,2006_07,92707543776.82603,16.33484627387378,21.739770507812523
1,12,2006_07,250110284047.7084,-1.824205349504041,1.1792541503906477
1,4,2006_08,503915064619.2322,27.718898430636443,15.683160400390648
1,7,2006_08,103677235755.70467,16.0032348476048,21.430993652343773
1,12,2006_08,244077141938.7596,-1.8195806489530923,0.9777465820312727
1,4,2006_09,488164142013.04285,27.698368131267614,15.210931396484398
1,7,2006_09,108088930769.99077,16.02004673763099,21.465997314453148
1,12,2006_09,236642328149.26306,-1.8222814520812562,0.9113403320312727
1,4,2006_10,473168413871.2653,27.42149268599917,14.234155273437523
1,7,2006_10,97048054020.70476,16.260319846279856,21.633782958984398
1,12,2006_10,227421040336.7196,-1.8138085854828319,1.0334716796875227
1,4,2006_11,456198887534.1137,26.80134729476015,13.280999755859398
1,7,2006_11,77485227925.13063,17.819956023809254,22.253411865234398
1,12,2006_11,207190163232.5199,-1.5853556546391587,1.4331604003906477
1,4,2006_12,441350912898.26465,26.061926003267615,12.561853027343773
1,7,2006_12,59415524071.19616,19.05715575313991,22.818505859375023
1,12,2006_12,168879157387.74573,-0.7893105075831386,2.5385375976562727
1,4,2007_01,419673010691.86005,25.61173570625931,12.169061279296898
1,7,2007_01,47128773266.75388,19.859895074497047,23.296533203125023
1,12,2007_01,122570112130.49084,0.0669206281218635,3.6110168457031477
1,4,2007_02,391776850348.26556,25.57950433663541,12.006158447265648
1,7,2007_02,39910330460.0874,20.31323299527577,23.611077880859398
1,12,2007_02,97484686678.88007,0.12211271876583396,3.9673706054687727
1,4,2007_03,366854362779.33307,25.633003933773978,11.976251220703148
1,7,2007_03,36160991221.858536,19.890930132386586,23.530908203125023
1,12,2007_03,103338846670.3855,-1.1795965411918132,3.4796691894531477
1,4,2007_04,340430946009.58856,25.909061346274996,12.210687255859398
1,7,2007_04,36344871206.64794,18.809735959788156,23.284600830078148
1,12,2007_04,112085860233.21721,-1.6098680749959158,2.7143188476562727
1,4,2007_05,306189489079.4232,26.32397914422313,12.721948242187523
1,7,2007_05,37528770195.87859,17.50812590467507,22.908044433593773
1,12,2007_05,128071895420.71814,-1.7751506726164052,1.9785705566406477
1,4,2007_06,266632290434.62714,26.716089046022546,13.648645019531273
1,7,2007_06,40918669732.69726,16.820206221881165,22.410455322265648
1,12,2007_06,139717947979.7704,-1.8172313213009375,1.4810729980468977
1,4,2007_07,237242023458.3555,27.083003556646304,14.783868408203148
1,7,2007_07,50378662720.37283,16.23286589619869,21.866204833984398
1,12,2007_07,142414183738.5204,-1.8309600927221936,1.1653991699218977
1,4,2007_08,218085506185.5632,27.199427016850848,15.279382324218773
1,7,2007_08,63090967769.14928,15.91849559824226,21.562860107421898
1,12,2007_08,141153197594.52847,-1.830083748691834,0.9681640625000227
1,4,2007_09,207937829298.78186,27.252895814788303,14.899438476562523
1,7,2007_09,69128750077.5786,15.80147436184842,21.539788818359398
1,12,2007_09,137416485544.00107,-1.840476618678622,0.9062133789062727
1,4,2007_10,204093063132.32397,26.881483437887255,14.044091796875023
1,7,2007_10,63314632036.50925,16.271178935844205,21.749658203125023
1,12,2007_10,131671147480.57205,-1.8212113619393904,1.0461669921875227
1,4,2007_11,202685058101.98343,26.073960071502313,13.201776123046898
1,7,2007_11,53491657507.91989,17.272349410662628,22.231195068359398
1,12,2007_11,122544711786.29865,-1.7466687426631324,1.4141784667968977
1,4,2007_12,200701628894.0553,25.273748282218094,12.472436523437523
1,7,2007_12,42001272968.798485,18.170782645716315,22.799310302734398
1,12,2007_12,105221362066.9444,-1.3656764774510748,2.2635437011718977
0.1,5,2004_01,0.0,-273.15,4.688104248046898
0.1,16,2004_01,6281668066518.172,15.29685878851393,15.008233642578148
0.1,17,2004_01,0.0,-273.15,18.777215576171898
0.1,5,2004_02,0.0,-273.15,4.420007324218773
0.1,16,2004_02,9250224196106.742,15.734679086027143,15.546197509765648
0.1,17,2004_02,0.0,-273.15,18.367333984375023
0.1,5,2004_03,0.0,-273.15,4.359887695312523
0.1,16,2004_03,5614132884835.912,15.35301552278031,15.302484130859398
0.1,17,2004_03,0.0,-273.15,18.389245605468773
0.1,5,2004_04,0.0,-273.15,4.583703613281273
0.1,16,2004_04,3988247121101.6055,14.647470827767279,14.629754638671898
0.1,17,2004_04,0.0,-273.15,18.937554931640648
0.1,5,2004_05,0.0,-273.15,5.138452148437523
0.1,16,2004_05,2715504769750.5044,13.525517768610712,13.804620361328148
0.1,17,2004_05,0.0,-273.15,20.026055908203148
0.1,5,2004_06,11810183.655732926,10.997259196969992,6.312890625000023
0.1,16,2004_06,1678660287281.1128,12.49749354659798,13.005822753906273
0.1,17,2004_06,11195842.782925379,21.4748924300726,21.473840332031273
0.1,5,2004_07,11599617098751.979,12.395761797925047,7.702264404296898
0.1,16,2004_07,961511027475.1373,11.591578823106488,12.385614013671898
0.1,17,2004_07,15947623493061.23,23.525258583726668,23.092462158203148
0.1,5,2004_08,11431087819004.498,13.037941104432775,8.438714599609398
0.1,16,2004_08,649738580887.2263,11.175784922090315,12.028466796875023
0.1,17,2004_08,19056738716612.11,25.05958813400889,23.931115722656273
0.1,5,2004_09,6681118474298.339,11.977951262851377,7.775262451171898
0.1,16,2004_09,518493469725.71094,11.164703530146426,11.971765136718773
0.1,17,2004_09,9265858125504.244,23.8405759292948,23.715661621093773
0.1,5,2004_10,2728650356770.968,10.37376110964692,6.783380126953148
0.1,16,2004_10,431200311551.99866,11.544788577415034,12.246759033203148
0.1,17,2004_10,5982210854770.027,21.882256320854708,22.546075439453148
0.1,5,2004_11,1179258839733.5542,9.138382923028644,5.847070312500023
0.1,16,2004_11,370697672757.4314,12.280221973971607,12.967492675781273
0.1,17,2004_11,3541052898934.5117,19.36127508400233,21.080712890625023
0.1,5,2004_12,753943249261.9812,8.120583708406457,5.177331542968773
0.1,16,2004_12,269692502452.1195,13.971177964131414,14.020959472656273
0.1,17,2004_12,1902688467327.035,17.01455923994041,19.774224853515648
0.1,5,2005_01,583596452471.2848,7.244583811616565,4.704888916015648
0.1,16,2005_01,210332848671.42126,14.718001681246221,15.092797851562523
0.1,17,2005_01,1123784253124.2173,15.182255408781543,18.861596679687523
0.1,5,2005_02,487813151921.362,6.837965296849859,4.455468750000023
0.1,16,2005_02,174309650867.06653,15.192308715325339,15.575891113281273
0.1,17,2005_02,741560673362.169,13.865010543653455,18.443505859375023
0.1,5,2005_03,415695581574.25934,6.521075121218757,4.407952880859398
0.1,16,2005_03,152130473720.21136,14.844695402092384,15.377191162109398
0.1,17,2005_03,591699376554.2168,13.43328973363299,18.430047607421898
0.1,5,2005_04,382199682269.30414,6.333265333545114,4.648431396484398
0.1,16,2005_04,150776680367.3234,14.206763114536557,14.692895507812523
0.1,17,2005_04,500947245329.82086,13.727990953572998,18.877465820312523
0.1,5,2005_05,322839858000.62103,6.6868684338631965,5.212396240234398
0.1,16,2005_05,170886433340.64633,12.982235480765837,13.845361328125023
0.1,17,2005_05,408346134409.17554,14.93938711393622,20.038751220703148
0.1,5,2005_06,252353352800.60052,8.046763627769849,6.412316894531273
0.1,16,2005_06,200170356134.9617,12.060072841295323,13.060784912109398
0.1,17,2005_06,301945742862.0361,17.20174952652411,21.464501953125023
0.1,5,2005_07,197626773746.07947,9.768382017479894,7.819146728515648
0.1,16,2005_07,224458325314.824,11.507128661767922,12.440881347656273
0.1,17,2005_07,207857869026.04105,20.846128940107064,23.034692382812523
0.1,5,2005_08,164138019550.41763,9.943816236374232,8.540765380859398
0.1,16,2005_08,262840125792.0094,10.908752770440685,12.067315673828148
0.1,17,2005_08,143931157188.5275,24.007574614137013,24.012017822265648
0.1,5,2005_09,176926570382.51883,8.378568034338798,7.943414306640648
0.1,16,2005_09,271296924663.6764,10.813552563403277,11.989282226562523
0.1,17,2005_09,121269018802.0869,24.039370796649905,23.716210937500023
0.1,5,2005_10,209984651811.44812,6.640964129956728,6.785760498046898
0.1,16,2005_10,249607610493.0272,11.124014633625848,12.263513183593773
0.1,17,2005_10,121697117652.82448,21.99778283325145,22.500665283203148
0.1,5,2005_11,229956166443.71793,5.6470444440471965,5.836846923828148
0.1,16,2005_11,197999781184.92062,12.179295822428799,12.945672607421898
0.1,17,2005_11,145175748285.33163,19.397952089972705,21.080987548828148
0.1,5,2005_12,239595452608.5923,4.983482299563946,5.184350585937523
0.1,16,2005_12,152650918039.08563,13.480740078720316,14.037103271484398
0.1,17,2005_12,214909767479.16458,16.299107674303855,19.713098144531273
0.1,5,2006_01,241829028524.53418,4.4596419556347655,4.764093017578148
0.1,16,2006_01,121645321650.29466,14.120270990069969,15.159448242187523
0.1,17,2006_01,297164110930.9824,14.121525574663167,18.683526611328148
0.1,5,2006_02,225674727960.61755,4.045668832873957,4.501123046875023
0.1,16,2006_02,102498088859.90785,14.587401178678704,15.634301757812523
0.1,17,2006_02,315464745187.6009,13.369193893222757,18.219079589843773
0.1,5,2006_03,207953091301.96954,3.704798814906212,4.392541503906273
0.1,16,2006_03,88529202743.48026,14.450007988701373,15.408135986328148
0.1,17,2006_03,282811662114.54895,13.479245509005068,18.265283203125023
0.1,5,2006_04,185881829272.57715,3.5495595883703572,4.640802001953148
0.1,16,2006_04,94688036946.47086,13.418688747364627,14.723626708984398
0.1,17,2006_04,236040599369.54218,14.250715733831953,18.785882568359398
0.1,5,2006_05,153125352278.08423,4.307058323964213,5.330316162109398
0.1,16,2006_05,113109221036.07584,12.088700453297122,13.894219970703148
0.1,17,2006_05,183887834053.69363,15.510924346276738,19.722344970703148
0.1,5,2006_06,117128726818.3623,5.789449191983863,6.419458007812523
0.1,16,2006_06,133385324405.33122,11.284497675878015,13.078393554687523
0.1,17,2006_06,142900344136.1953,17.538759106808413,21.252893066406273
0.1,5,2006_07,86525950265.30402,7.9678544974470356,7.784753417968773
0.1,16,2006_07,161597631516.0185,10.732882897656737,12.456079101562523
0.1,17,2006_07,99427122297.73244,20.603727449155485,22.744226074218773
0.1,5,2006_08,64721285717.78752,9.122186593335414,8.541070556640648
0.1,16,2006_08,177586694051.27155,10.416615823272252,12.074914550781273
0.1,17,2006_08,68638205810.063545,23.510311601234207,23.826959228515648
0.1,5,2006_09,60706580503.90911,8.164940980417327,7.983331298828148
0.1,16,2006_09,179346063388.9999,10.246085830209552,12.011834716796898
0.1,17,2006_09,62459344418.18968,23.350506950883414,23.717034912109398
0.1,5,2006_10,70864837270.298,5.9708289952948235,6.914636230468773
0.1,16,2006_10,173670744758.1648,10.323887429070453,12.239862060546898
0.1,17,2006_10,72729448645.39221,20.426460986139432,22.508905029296898
0.1,5,2006_11,92999885061.4266,4.365832557265946,5.927606201171898
0.1,16,2006_11,153490824101.94043,10.934687426094968,12.878045654296898
0.1,17,2006_11,86458281800.13368,18.183230167162378,21.164453125000023
0.1,5,2006_12,110407643805.694,3.716401536682156,5.219689941406273
0.1,16,2006_12,121994271827.00386,11.969779968636601,13.972314453125023
0.1,17,2006_12,109966078292.53758,16.134960665965878,19.808953857421898
0.1,5,2007_01,121448854412.67206,3.0973909398637716,4.780236816406273
0.1,16,2007_01,89477202047.46365,13.651508202598507,15.018853759765648
0.1,17,2007_01,143140521231.26645,14.710680459952812,18.746179199218773
0.1,5,2007_02,124051684926.03018,2.6694378413409936,4.499261474609398
0.1,16,2007_02,71534879775.3588,14.470981083086599,15.524194335937523
0.1,17,2007_02,179092031329.67758,13.920518943745094,18.304223632812523
0.1,5,2007_03,120700155543.62924,2.327386811776023,4.442437744140648
0.1,16,2007_03,61470357290.75744,14.465254691620089,15.304620361328148
0.1,17,2007_03,180072467700.22476,13.889498081994645,18.327020263671898
0.1,5,2007_04,111669377808.12915,2.220273939296362,4.631463623046898
0.1,16,2007_04,62755775450.57469,13.313087640255333,14.665368652343773
0.1,17,2007_04,166741628648.1918,13.994686331332218,18.767724609375023
0.1,5,2007_05,95720079924.41638,2.6049373412770365,5.187371826171898
0.1,16,2007_05,68724805148.05931,12.340659985809964,13.823571777343773
0.1,17,2007_05,134166922902.54596,15.234464068201135,19.745874023437523
0.1,5,2007_06,73230842532.56104,4.134421429349061,6.301599121093773
0.1,16,2007_06,82285864155.62755,11.249182433252656,13.036614990234398
0.1,17,2007_06,101204964736.28117,17.539425738420164,21.248284912109398
0.1,5,2007_07,52976282940.09274,6.341173094780061,7.765313720703148
0.1,16,2007_07,96599207126.76576,10.772969890353124,12.406945800781273
0.1,17,2007_07,70831567257.17519,20.76614439258759,22.751611328125023
0.1,5,2007_08,42341991190.76854,7.207806202678398,8.461633300781273
0.1,16,2007_08,108850404739.72043,10.555862344642037,12.006768798828148
0.1,17,2007_08,50702118233.36905,23.512170777063716,23.695886230468773
0.1,5,2007_09,41181197810.08261,5.7971639805928135,8.006188964843773
0.1,16,2007_09,110573346619.79543,10.539248915302096,11.909387207031273
0.1,17,2007_09,43585417130.37331,23.628125164005667,23.565515136718773
0.1,5,2007_10,45256623482.06415,4.108682561959597,6.848535156250023
0.1,16,2007_10,108866298884.58893,10.592872346277659,12.174523925781273
0.1,17,2007_10,45721695876.80106,22.252114964675116,22.276574707031273
0.1,5,2007_11,51619136450.533356,3.046954358318544,5.861779785156273
0.1,16,2007_11,92395917031.25879,11.554936798652761,12.800897216796898
0.1,17,2007_11,58579306265.548744,19.228247767667938,20.773858642578148
0.1,5,2007_12,62512872572.26106,2.368273798425605,5.152947998046898
0.1,16,2007_12,71273268404.94356,12.96046196316621,13.733056640625023
0.1,17,2007_12,76795830596.99104,16.9899693661705,19.462365722656273
0.25,5,2004_1,0.0,-273.15,4.747827148437523
0.25,16,2004_1,6139272612426.705,15.156110796174062,15.012322998046898
0.25,17,2004_1,0.0,-273.15,18.785638427734398
0.25,5,2004_2,0.0,-273.15,4.506890869140648
0.25,16,2004_2,8322165446667.304,15.88457562233964,15.552972412109398
0.25,17,2004_2,0.0,-273.15,18.395257568359398
0.25,5,2004_3,0.0,-273.15,4.448876953125023
0.25,16,2004_3,5174589606733.135,15.560174104388011,15.291253662109398
0.25,17,2004_3,0.0,-273.15,18.430291748046898
0.25,5,2004_4,0.0,-273.15,4.648736572265648
0.25,16,2004_4,3658989613371.796,14.959010804592594,14.618951416015648
0.25,17,2004_4,0.0,-273.15,18.973046875000023
0.25,5,2004_5,0.0,-273.15,5.187402343750023
0.25,16,2004_5,2662220925593.108,13.885222547522915,13.797967529296898
0.25,17,2004_5,0.0,-273.15,20.051965332031273
0.25,5,2004_6,74611497.57237962,10.36037467354538,6.343255615234398
0.25,16,2004_6,1718957501991.1255,12.885083805185559,13.009393310546898
0.25,17,2004_6,63673541.21019644,21.643119848527817,21.481622314453148
0.25,5,2004_7,12504524424585.826,12.089028460707368,7.654656982421898
0.25,16,2004_7,972797278069.3828,12.130460268920785,12.409326171875023
0.25,17,2004_7,13145359866843.814,23.328850653862048,23.079156494140648
0.25,5,2004_8,11506542575112.555,12.807950745000028,8.396020507812523
0.25,16,2004_8,655435238415.1426,11.84350320502449,12.073144531250023
0.25,17,2004_8,14703762190562.076,25.327163251646027,23.907128906250023
0.25,5,2004_9,6730218931543.699,11.672489819669465,7.757104492187523
0.25,16,2004_9,529197685124.7672,11.908314905593727,12.023461914062523
0.25,17,2004_9,8232340911583.89,24.700870393018988,23.682122802734398
0.25,5,2004_10,3111510797013.921,9.475816931893632,6.775537109375023
0.25,16,2004_10,437613621220.80554,12.398121641243392,12.296197509765648
0.25,17,2004_10,5742238564484.336,22.985674728158983,22.495324707031273
0.25,5,2004_11,1467651191256.898,8.164011776556322,5.835656738281273
0.25,16,2004_11,354423846743.9126,13.353606697822386,13.014123535156273
0.25,17,2004_11,3392144696097.5747,20.449547705540795,21.035058593750023
0.25,5,2004_12,598988806760.0073,7.124339923664991,5.184075927734398
0.25,16,2004_12,257742360840.2978,15.123125409164231,14.050439453125023
0.25,17,2004_12,1958553208732.4666,18.304093658255795,19.757257080078148
0.25,5,2005_1,262171334998.49304,5.621176645544608,4.758935546875023
0.25,16,2005_1,197711154583.29025,16.268033462207654,15.095910644531273
0.25,17,2005_1,1150327419132.2861,16.361269310430032,18.860253906250023
0.25,5,2005_2,200845003240.62845,5.461988806540035,4.513513183593773
0.25,16,2005_2,152228930327.56158,17.39718720134465,15.573632812500023
0.25,17,2005_2,720810479415.8068,15.080140333194606,18.462792968750023
0.25,5,2005_3,164067341901.99213,5.532237925686786,4.480493164062523
0.25,16,2005_3,137070867019.5565,16.931759509513768,15.364984130859398
0.25,17,2005_3,587734450484.3796,14.763610256012953,18.464349365234398
0.25,5,2005_4,144314201089.69986,5.7039337207887115,4.717309570312523
0.25,16,2005_4,141451766739.22278,16.013339934628902,14.672906494140648
0.25,17,2005_4,516448251233.34467,15.051950060346257,18.913507080078148
0.25,5,2005_5,115206471504.71071,6.275018010590429,5.260003662109398
0.25,16,2005_5,176416411249.14453,14.603294269740331,13.831414794921898
0.25,17,2005_5,434768521520.8118,16.171128021580785,20.065972900390648
0.25,5,2005_6,83955154935.87096,7.9747392771868135,6.433618164062523
0.25,16,2005_6,214764985224.8217,13.501739553683137,13.064965820312523
0.25,17,2005_6,320363877670.2791,18.91694695277448,21.473809814453148
0.25,5,2005_7,62665787959.25825,9.986693589229446,7.794793701171898
0.25,16,2005_7,238506297874.79263,12.97949388599966,12.465325927734398
0.25,17,2005_7,217270036588.43637,22.580820210278034,23.020623779296898
0.25,5,2005_8,50818528013.156296,10.568273181716563,8.504785156250023
0.25,16,2005_8,271472664238.41434,12.417272032265544,12.110681152343773
0.25,17,2005_8,157643551928.77292,25.339605813943763,23.991906738281273
0.25,5,2005_9,53680428750.46796,8.791540745324312,7.930932617187523
0.25,16,2005_9,272225353755.39084,12.420961418723152,12.045373535156273
0.25,17,2005_9,138713113216.4232,25.583086127481806,23.684838867187523
0.25,5,2005_10,67596828103.90116,6.907118262291988,6.803552246093773
0.25,16,2005_10,249247356596.5415,12.905068352673766,12.315026855468773
0.25,17,2005_10,146437455695.836,23.55709670966013,22.464257812500023
0.25,5,2005_11,76402558320.9068,6.025808104437999,5.872735595703148
0.25,16,2005_11,190050781497.26886,14.396426036590924,12.994134521484398
0.25,17,2005_11,177510432796.51956,21.086785553458526,21.047753906250023
0.25,5,2005_12,83229198683.90627,5.578660245960464,5.221795654296898
0.25,16,2005_12,146252049026.3735,16.049958071758283,14.064752197265648
0.25,17,2005_12,259601247977.78503,17.79981702285386,19.691613769531273
0.25,5,2006_1,89298546160.1857,5.1864480315816195,4.816156005859398
0.25,16,2006_1,115312306459.61443,16.87745895850867,15.164025878906273
0.25,17,2006_1,369097142313.4604,15.774412370380674,18.704064941406273
0.25,5,2006_2,88804263770.0887,4.953596459582684,4.580041503906273
0.25,16,2006_2,94560896380.52803,17.51270471337068,15.635339355468773
0.25,17,2006_2,409635010047.2161,15.138322754649721,18.276177978515648
0.25,5,2006_3,87084925092.39566,4.8229478934007375,4.497155761718773
0.25,16,2006_3,87980536542.60722,17.15465321791038,15.389642333984398
0.25,17,2006_3,370321340321.43445,15.23116881881316,18.325006103515648
0.25,5,2006_4,83673127370.98264,4.613739829012502,4.718652343750023
0.25,16,2006_4,101184959409.0524,15.6642625157711,14.700402832031273
0.25,17,2006_4,323974818285.06744,16.00889929289724,18.842492675781273
0.25,5,2006_5,69184328599.07898,5.371964533262258,5.373651123046898
0.25,16,2006_5,123905639494.50098,14.17114650901766,13.871911621093773
0.25,17,2006_5,254350857259.7571,17.5964577511441,19.769830322265648
0.25,5,2006_6,52003465953.62965,6.766415140747256,6.438409423828148
0.25,16,2006_6,154876292689.70346,13.174624597668071,13.069329833984398
0.25,17,2006_6,199187373779.50745,19.692743833557188,21.267968750000023
0.25,5,2006_7,37552281609.95686,9.227208757770939,7.743310546875023
0.25,16,2006_7,189494672656.02982,12.50417354262629,12.468072509765648
0.25,17,2006_7,137604573483.42075,23.090051136290583,22.745904541015648
0.25,5,2006_8,27605699187.80706,10.799720111785518,8.497460937500023
0.25,16,2006_8,204228929578.362,12.241261699620054,12.110040283203148
0.25,17,2006_8,100218414737.28851,25.45256903754023,23.803216552734398
0.25,5,2006_9,24814081999.03334,9.864845154209775,7.982629394531273
0.25,16,2006_9,198776024489.23593,12.244026709592276,12.057061767578148
0.25,17,2006_9,96069002542.64827,25.15687104892902,23.680474853515648
0.25,5,2006_10,27720957836.552116,7.643743176078374,6.928704833984398
0.25,16,2006_10,180462481200.38077,12.47598712139444,12.284722900390648
0.25,17,2006_10,107477637836.66391,22.596514192130655,22.460534667968773
0.25,5,2006_11,41052066671.56655,5.674571575958112,5.932763671875023
0.25,16,2006_11,156336093142.79843,13.152417051760153,12.917565917968773
0.25,17,2006_11,126127117972.65561,20.3606731907783,21.119500732421898
0.25,5,2006_12,53794398270.99696,5.072738810607461,5.259454345703148
0.25,16,2006_12,121638329748.99066,14.380200593370432,13.990899658203148
0.25,17,2006_12,152847800690.48462,18.260390169279503,19.791192626953148
0.25,5,2007_1,60392939673.062096,4.737580512404634,4.863610839843773
0.25,16,2007_1,89446470302.07114,16.61597014917629,15.021600341796898
0.25,17,2007_1,197040495531.18515,16.505811193372892,18.764855957031273
0.25,5,2007_2,63049366133.175,4.570742738929482,4.620812988281273
0.25,16,2007_2,69925948910.7419,17.69223254535285,15.526605224609398
0.25,17,2007_2,243678733195.2125,15.584862571301414,18.349938964843773
0.25,5,2007_3,63419642695.44574,4.449894831828601,4.570764160156273
0.25,16,2007_3,59983038841.07076,17.690421719198184,15.296960449218773
0.25,17,2007_3,253717249265.7627,15.522317999774316,18.386560058593773
0.25,5,2007_4,58094972604.2364,4.499845990860308,4.749078369140648
0.25,16,2007_4,62477754899.68039,16.435435359418193,14.645501708984398
0.25,17,2007_4,230675841529.6599,15.869013641396236,18.823541259765648
0.25,5,2007_5,49432280482.67345,5.147146101820226,5.291345214843773
0.25,16,2007_5,69394899181.9752,15.160829412005228,13.809106445312523
0.25,17,2007_5,184461139934.00443,17.21970775295415,19.793634033203148
0.25,5,2007_6,36041614108.165245,7.237285111808319,6.370355224609398
0.25,16,2007_6,87966410098.47575,13.782576306547924,13.035852050781273
0.25,17,2007_6,139272091741.1703,19.753467430391595,21.266809082031273
0.25,5,2007_7,24606542343.725105,9.914279860176464,7.752587890625023
0.25,16,2007_7,109971515647.67046,12.911026255377351,12.428674316406273
0.25,17,2007_7,96283695829.50491,23.16113026544025,22.750756835937523
0.25,5,2007_8,20946926906.207092,10.31944951960395,8.429528808593773
0.25,16,2007_8,124346451933.70345,12.537056628762116,12.051721191406273
0.25,17,2007_8,72304265575.78015,25.515353779259556,23.682397460937523
0.25,5,2007_9,22123857026.620552,8.602409019496235,7.986322021484398
0.25,16,2007_9,124163605905.21046,12.57535305797012,11.965844726562523
0.25,17,2007_9,67351133429.055,25.375729990341313,23.534906005859398
0.25,5,2007_10,24457177214.5502,6.7113780499107065,6.870477294921898
0.25,16,2007_10,118528840732.70029,12.659493949569764,12.226495361328148
0.25,17,2007_10,70044215166.53963,24.174751359473078,22.235772705078148
0.25,5,2007_11,28825749855.527336,5.385163210131054,5.898217773437523
0.25,16,2007_11,95650523036.37508,14.053120980217727,12.852075195312523
0.25,17,2007_11,88543024080.43634,21.185786207257934,20.746270751953148
0.25,5,2007_12,36742356902.581696,4.786927639062469,5.211022949218773
0.25,16,2007_12,71020048182.29999,16.000191774788732,13.766748046875023
0.25,17,2007_12,114221695794.83224,18.73166435270099,19.466119384765648
1,5,2004_01,0.0,-273.15,4.794458007812523
1,16,2004_01,5840721319060.301,14.878016609703252,15.130151367187523
1,17,2004_01,0.0,-273.15,18.990106201171898
1,5,2004_02,0.0,-273.15,4.550286865234398
1,16,2004_02,8023119155153.998,15.555048953835296,15.659509277343773
1,17,2004_02,0.0,-273.15,18.600183105468773
1,5,2004_03,0.0,-273.15,4.484521484375023
1,16,2004_03,4980270139508.072,15.255293317828887,15.367364501953148
1,17,2004_03,0.0,-273.15,18.620965576171898
1,5,2004_04,0.0,-273.15,4.676843261718773
1,16,2004_04,3592345141935.569,14.590395671872443,14.658746337890648
1,17,2004_04,0.0,-273.15,19.145837402343773
1,5,2004_05,0.0,-273.15,5.197564697265648
1,16,2004_05,2492550905765.6924,13.3230329881643,13.820825195312523
1,17,2004_05,0.0,-273.15,20.201104736328148
1,5,2004_06,956998807.6290597,10.742068771559161,6.306024169921898
1,16,2004_06,1550184483437.469,12.252193369474469,13.029321289062523
1,17,2004_06,758906135.3040872,21.420271864330743,21.594964599609398
1,5,2004_07,12176508620539.396,12.32402529672703,7.584252929687523
1,16,2004_07,803540769217.0703,11.417909896677145,12.428399658203148
1,17,2004_07,13363243848327.781,23.55907217151912,23.121148681640648
1,5,2004_08,11055831869959.73,12.971763784987218,8.308129882812523
1,16,2004_08,509233145142.05286,11.213000533317086,12.089227294921898
1,17,2004_08,17225814647694.412,24.943097641828388,23.913293457031273
1,5,2004_09,6294826364933.193,11.895506063532423,7.707910156250023
1,16,2004_09,421448716514.2074,11.44774484212121,12.036492919921898
1,17,2004_09,8851612842928.793,23.377781016762185,23.714166259765648
1,5,2004_10,2935304839865.2393,9.942357888091124,6.775811767578148
1,16,2004_10,343835257110.362,12.277200004776489,12.313134765625023
1,17,2004_10,6008864020987.8,21.84172453141224,22.604486083984398
1,5,2004_11,1465444574828.1475,8.887489714195738,5.865197753906273
1,16,2004_11,278231821416.7202,13.512687366211594,13.052026367187523
1,17,2004_11,3083012533171.1885,19.517281791269,21.221368408203148
1,5,2004_12,523504124206.74567,8.56734934029106,5.224176025390648
1,16,2004_12,203441920548.96332,15.635177167492088,14.131280517578148
1,17,2004_12,1452599762082.1318,17.46047254763863,19.968438720703148
1,5,2005_01,179736347571.3132,7.580225838516185,4.787438964843773
1,16,2005_01,157952373121.8418,16.85653599867112,15.190728759765648
1,17,2005_01,818510162782.3154,15.847295233928492,19.086297607421898
1,5,2005_02,147833694925.1166,7.19016851921765,4.554528808593773
1,16,2005_02,135990961649.62924,17.918930149285018,15.660180664062523
1,17,2005_02,506823907587.6146,14.654291748491403,18.681604003906273
1,5,2005_03,129833738053.08348,7.0664711899209465,4.528314208984398
1,16,2005_03,126918100423.42575,17.447758373643296,15.431115722656273
1,17,2005_03,426504382695.2309,14.32999293105621,18.676049804687523
1,5,2005_04,120171304055.14941,6.997661829146864,4.755731201171898
1,16,2005_04,132534246445.45276,16.532475174014564,14.711267089843773
1,17,2005_04,393401708480.36395,14.544337502882797,19.107965087890648
1,5,2005_05,99941314089.11766,7.377782774360071,5.289758300781273
1,16,2005_05,154894180882.22043,15.075180347046285,13.856896972656273
1,17,2005_05,350755874432.569,15.530735244995753,20.236688232421898
1,5,2005_06,73764969932.1848,8.923389069582015,6.414453125000023
1,16,2005_06,180827209442.59018,13.619002657098463,13.088494873046898
1,17,2005_06,258397880636.68436,17.935662174001664,21.574884033203148
1,5,2005_07,56503783835.75053,10.916202000262103,7.734033203125023
1,16,2005_07,197850332698.78207,12.862893673954488,12.484002685546898
1,17,2005_07,166719820294.4172,22.28129751963246,23.056268310546898
1,5,2005_08,46032770408.509674,11.551271969777417,8.427484130859398
1,16,2005_08,224161642041.19662,12.176949627960994,12.122827148437523
1,17,2005_08,119785415277.38512,25.16089113531399,23.994500732421898
1,5,2005_09,48265174924.681885,9.876915167541995,7.884820556640648
1,16,2005_09,223148197330.31668,12.311823986334105,12.051049804687523
1,17,2005_09,110920104862.91139,25.214904593378776,23.709588623046898
1,5,2005_10,54453159368.76535,8.113157388262152,6.795739746093773
1,16,2005_10,192583419066.57117,13.038839968430239,12.323937988281273
1,17,2005_10,122958047922.81828,23.093636540085583,22.560144042968773
1,5,2005_11,67047332723.94016,7.16075618470046,5.887689208984398
1,16,2005_11,146139595389.57318,14.993705936879792,13.029168701171898
1,17,2005_11,150642947422.3207,20.278218645303014,21.227960205078148
1,5,2005_12,80085731194.21577,6.683551017789739,5.267480468750023
1,16,2005_12,109031304618.34793,16.52123035318965,14.142999267578148
1,17,2005_12,216116734289.4178,16.891663955602553,19.913751220703148
1,5,2006_01,92194516802.12265,6.520315585317235,4.869439697265648
1,16,2006_01,83635628487.34167,17.79591439985103,15.254876708984398
1,17,2006_01,284636132742.8325,15.081004527489426,18.923181152343773
1,5,2006_02,95652368755.72244,6.4191883885189895,4.636834716796898
1,16,2006_02,69019154925.89331,18.587289976291345,15.713067626953148
1,17,2006_02,310809529172.1778,14.48834681870619,18.484429931640648
1,5,2006_03,98253326637.58902,6.287728082100784,4.565057373046898
1,16,2006_03,63295717676.50833,18.351959442935595,15.450463867187523
1,17,2006_03,273896828396.31558,14.612896685059525,18.507409667968773
1,5,2006_04,97155803915.91939,6.152942626002243,4.785394287109398
1,16,2006_04,77262759358.1393,16.218438509377165,14.744500732421898
1,17,2006_04,220546433360.7169,15.819572606329189,19.003442382812523
1,5,2006_05,83280498565.77016,6.88392562339186,5.416345214843773
1,16,2006_05,94375306078.1817,14.534139918233336,13.908868408203148
1,17,2006_05,167249159779.96445,17.592883687757762,19.916314697265648
1,5,2006_06,63500758632.80608,8.279278333056368,6.436547851562523
1,16,2006_06,116750028603.50125,13.414679097400779,13.105828857421898
1,17,2006_06,131917519895.56575,19.565519779631643,21.358483886718773
1,5,2006_07,46912901466.129,10.512645599663642,7.693078613281273
1,16,2006_07,145272788924.74078,12.58996415673738,12.493829345703148
1,17,2006_07,85750513579.92322,23.099810733160382,22.779595947265648
1,5,2006_08,36209036366.1169,11.851654976234272,8.434594726562523
1,16,2006_08,160845151108.90118,12.252566325054204,12.128411865234398
1,17,2006_08,62811171038.95924,25.169416769705776,23.802789306640648
1,5,2006_09,33100544635.782715,11.061354586178481,7.936822509765648
1,16,2006_09,156946143592.7066,12.367533930788738,12.068780517578148
1,17,2006_09,63711042384.19386,24.531667412462866,23.713494873046898
1,5,2006_10,36648184923.629326,9.082697192789567,6.931207275390648
1,16,2006_10,139502044045.4633,12.746567191865324,12.300073242187523
1,17,2006_10,76939814630.73212,21.911511047855527,22.554071044921898
1,5,2006_11,55103347523.284836,7.025955069997622,5.988061523437523
1,16,2006_11,116249853459.27545,13.688135772536498,12.957696533203148
1,17,2006_11,92955046810.50412,19.567334269120806,21.293664550781273
1,5,2006_12,72143193976.54372,6.484987220040466,5.303308105468773
1,16,2006_12,90317487736.60759,15.156682983329574,14.083398437500023
1,17,2006_12,111115893118.56285,17.518849896492554,20.002374267578148
1,5,2007_01,78926231971.23251,6.115052699387945,4.912866210937523
1,16,2007_01,68765612131.26706,17.360394245442023,15.127526855468773
1,17,2007_01,139882569430.96213,15.780890757821453,18.985681152343773
1,5,2007_02,81700378620.0052,5.88361093190025,4.692620849609398
1,16,2007_02,54630245673.16098,18.4930731253329,15.614801025390648
1,17,2007_02,179664708570.34244,14.724391498224918,18.553704833984398
1,5,2007_03,82557665946.62735,5.764763120247778,4.637872314453148
1,16,2007_03,48361010571.58669,18.437387067363773,15.360284423828148
1,17,2007_03,184979708066.1592,14.81148720669347,18.572991943359398
1,5,2007_04,75365912972.853,5.782969209482303,4.805566406250023
1,16,2007_04,50934343369.06191,17.075417270918877,14.686914062500023
1,17,2007_04,168148611842.46088,15.21154271102563,18.990197753906273
1,5,2007_05,63152648775.49116,6.3828662210233915,5.320611572265648
1,16,2007_05,57315998020.80008,15.727379744775533,13.832757568359398
1,17,2007_05,132539879484.53674,16.63633606622659,19.935815429687523
1,5,2007_06,46612236510.5816,8.443546604346125,6.343682861328148
1,16,2007_06,70352315068.64696,14.201214834368727,13.058160400390648
1,17,2007_06,97209359162.30077,19.285083998751077,21.342126464843773
1,5,2007_07,34031588717.432735,10.661172604699914,7.688012695312523
1,16,2007_07,90130349946.26903,13.093009544820688,12.447686767578148
1,17,2007_07,62264989251.65119,23.03385278660153,22.759301757812523
1,5,2007_08,29301665128.69648,10.788963215058004,8.364801025390648
1,16,2007_08,106235721264.12627,12.564963551664732,12.060174560546898
1,17,2007_08,44681718813.184586,25.587385419366342,23.658502197265648
1,5,2007_09,30892978437.899178,9.108185237785165,7.979425048828148
1,16,2007_09,107164202899.08861,12.600422993798702,11.965478515625023
1,17,2007_09,43735787535.598076,25.32582421295615,23.534143066406273
1,5,2007_10,33510688545.069355,7.488545344017268,6.900415039062523
1,16,2007_10,99271652807.33127,12.848086076542074,12.228997802734398
1,17,2007_10,47733700266.63551,24.01595386844656,22.319512939453148
1,5,2007_11,40919619335.841446,6.263064511924256,5.966577148437523
1,16,2007_11,78395500840.9833,14.825998413025957,12.877099609375023
1,17,2007_11,61881709499.60637,20.9696772951242,20.911309814453148
1,5,2007_12,51296197094.6474,5.68947929805455,5.282556152343773
1,16,2007_12,58884902633.357925,16.94236001464776,13.839440917968773
1,17,2007_12,78417470577.68083,18.32790851750576,19.665216064453148
0.1,6,2004_01,13669544012078.963,-1.4716224209473125,5.772637939453148
0.1,8,2004_01,0.0,-273.15,21.819177246093773
0.1,18,2004_01,0.0,-273.15,11.450646972656273
0.1,6,2004_02,16996631320853.797,-1.4509391710309956,6.189935302734398
0.1,8,2004_02,0.0,-273.15,21.762078857421898
0.1,18,2004_02,0.0,-273.15,11.019281005859398
0.1,6,2004_03,9103138681186.652,-1.742748764173541,5.760705566406273
0.1,8,2004_03,0.0,-273.15,21.813409423828148
0.1,18,2004_03,0.0,-273.15,10.943536376953148
0.1,6,2004_04,6612542764716.632,-1.8199722069670656,4.964715576171898
0.1,8,2004_04,0.0,-273.15,22.112573242187523
0.1,18,2004_04,0.0,-273.15,11.331658935546898
0.1,6,2004_05,4695182795685.476,-1.8121968152343584,4.212060546875023
0.1,8,2004_05,0.0,-273.15,22.399102783203148
0.1,18,2004_05,0.0,-273.15,12.148706054687523
0.1,6,2004_06,3277587331316.8135,-1.752074848366533,3.6249328613281477
0.1,8,2004_06,7590504.198050611,29.206073583587283,22.765405273437523
0.1,18,2004_06,7559208.458845349,20.19496573287705,13.696862792968773
0.1,6,2004_07,2417736017605.8896,-1.730834857563707,3.2260070800781477
0.1,8,2004_07,10224682870908.715,28.985192411326864,23.302117919921898
0.1,18,2004_07,14878994138970.07,21.769938972963075,15.303613281250023
0.1,6,2004_08,1783650255387.9612,-1.6959616700845572,3.0067382812500227
0.1,8,2004_08,11370706109483.379,28.592201844143005,23.576837158203148
0.1,18,2004_08,21549529518282.117,23.56234663655789,16.254998779296898
0.1,6,2004_09,1399393880864.9856,-1.7384114942421434,2.9313293457031477
0.1,8,2004_09,7801603827191.185,29.077550257120947,23.517510986328148
0.1,18,2004_09,13516195800505.97,23.24742369506629,15.556787109375023
0.1,6,2004_10,1201637361760.429,-1.7453515267437751,3.0549255371093977
0.1,8,2004_10,6714216783082.54,28.667014195410218,23.096826171875023
0.1,18,2004_10,9375239072249.328,21.7789728683602,14.443353271484398
0.1,6,2004_11,1070554136540.94,-1.72799628631293,3.5747009277343977
0.1,8,2004_11,6377573932677.921,28.106925433212325,22.586297607421898
0.1,18,2004_11,5564837971193.398,19.547661214671223,13.223382568359398
0.1,6,2004_12,893447823342.8208,-0.4223172164896596,4.627191162109398
0.1,8,2004_12,5050434401273.934,27.22202851925192,22.174920654296898
0.1,18,2004_12,3516556911650.6704,17.506004274723466,12.215325927734398
0.1,6,2005_01,645052299249.3511,1.0031545149586236,5.829461669921898
0.1,8,2005_01,4210837013289.077,26.38642978955886,21.877648925781273
0.1,18,2005_01,1868781899058.416,15.996878503298888,11.469201660156273
0.1,6,2005_02,512547259119.6815,0.5464753811542664,6.273767089843773
0.1,8,2005_02,3710755128921.109,26.64991388210609,21.805871582031273
0.1,18,2005_02,1209517065895.1711,15.029689894705825,11.078454589843773
0.1,6,2005_03,509903436562.0237,-1.1915412474481855,5.777917480468773
0.1,8,2005_03,3385645458052.8896,27.081027412555443,21.952355957031273
0.1,18,2005_03,1012824984869.4037,15.373795130767974,11.046380615234398
0.1,6,2005_04,581149451306.1956,-1.6974769243423111,4.989068603515648
0.1,8,2005_04,3130951231914.0024,28.357032530330457,22.089410400390648
0.1,18,2005_04,895127313844.8937,16.451818483539967,11.460137939453148
0.1,6,2005_05,578992374735.923,-1.720400885208278,4.258508300781273
0.1,8,2005_05,2875725386983.4126,29.44060816363492,22.487817382812523
0.1,18,2005_05,798325864903.0021,18.491753939996954,12.355523681640648
0.1,6,2005_06,557639290636.2568,-1.7624976873635205,3.6847167968750227
0.1,8,2005_06,2549116748134.4214,29.19772130679661,22.849114990234398
0.1,18,2005_06,725122792745.6108,21.257435410958408,13.864251708984398
0.1,6,2005_07,529573589119.81323,-1.7795630438932335,3.2495361328125227
0.1,8,2005_07,2346951960508.7017,28.978572016470594,23.332238769531273
0.1,18,2005_07,649565861743.1675,22.754704813671253,15.467065429687523
0.1,6,2005_08,494242287130.77106,-1.7779738962481133,2.9988647460937727
0.1,8,2005_08,2091303883945.2366,28.642335351264478,23.657342529296898
0.1,18,2005_08,596045863342.9828,23.596650616872637,16.221582031250023
0.1,6,2005_09,459776528519.859,-1.7979166488496503,2.9372497558593977
0.1,8,2005_09,1943869689950.0715,28.52410397742949,23.485711669921898
0.1,18,2005_09,574083642744.3793,23.166310291708612,15.621728515625023
0.1,6,2005_10,431850244960.6379,-1.7919479027988245,3.0859313964843977
0.1,8,2005_10,1815348269510.3843,28.34310306268054,22.995568847656273
0.1,18,2005_10,571579071168.6458,22.15943979923702,14.370202636718773
0.1,6,2005_11,390147237412.1714,-1.7755860524937361,3.6064086914062727
0.1,8,2005_11,1696837498436.1653,27.84115543467402,22.435235595703148
0.1,18,2005_11,582632968852.6006,20.163150191459863,13.160974121093773
0.1,6,2005_12,313811005410.0385,-0.6827384737622992,4.729760742187523
0.1,8,2005_12,1590731159578.3672,26.991593198095813,21.957788085937523
0.1,18,2005_12,592554884220.1145,17.50025337853623,12.201257324218773
0.1,6,2006_01,188086520391.81516,1.2744634696616117,5.988519287109398
0.1,8,2006_01,1471377298451.8647,26.599581457834972,21.612298583984398
0.1,18,2006_01,574351054199.522,16.266552274997082,11.523767089843773
0.1,6,2006_02,155282721297.54437,0.5349612355298632,6.345605468750023
0.1,8,2006_02,1355744462985.4048,26.703676097883147,21.588128662109398
0.1,18,2006_02,575353486291.3788,15.797141550391075,11.101403808593773
0.1,6,2006_03,145851717324.9718,-0.8232994960600877,5.866571044921898
0.1,8,2006_03,1282964788427.38,27.281412362635365,21.729180908203148
0.1,18,2006_03,535018182686.6295,16.012797755595614,10.967919921875023
0.1,6,2006_04,160933333204.64948,-1.579584314254987,5.050225830078148
0.1,8,2006_04,1204997744970.2122,28.139021273206595,21.939569091796898
0.1,18,2006_04,476647345400.00256,17.478194001983752,11.414575195312523
0.1,6,2006_05,175074258152.43494,-1.6972783793844428,4.293115234375023
0.1,8,2006_05,1122847899496.3926,28.48648197764976,22.245263671875023
0.1,18,2006_05,438273712570.1535,19.318450066908042,12.429895019531273
0.1,6,2006_06,186365084100.0916,-1.7806877700255086,3.6778503417968977
0.1,8,2006_06,1010330187678.7214,28.410621334270786,22.727410888671898
0.1,18,2006_06,390863283068.72327,21.348172446994568,13.853936767578148
0.1,6,2006_07,193207237293.72116,-1.7746218145824173,3.2658020019531477
0.1,8,2006_07,901875203677.0559,28.05815310788728,23.178216552734398
0.1,18,2006_07,340091949222.0417,23.415825792687485,15.496942138671898
0.1,6,2006_08,193899441672.06107,-1.795062678409579,3.0184875488281477
0.1,8,2006_08,803595880222.1423,27.924694606991125,23.586480712890648
0.1,18,2006_08,300570451607.60364,24.143367309519874,16.356469726562523
0.1,6,2006_09,194595277056.41537,-1.8088245505150553,2.9390197753906477
0.1,8,2006_09,743536135342.1343,27.92743262500892,23.529412841796898
0.1,18,2006_09,282213695055.5977,24.0180517011205,15.791284179687523
0.1,6,2006_10,183088808415.24963,-1.8511314801571075,3.0407043457031477
0.1,8,2006_10,697266478998.7642,27.484256252310672,23.064508056640648
0.1,18,2006_10,273705785144.7586,23.03537080868847,14.617150878906273
0.1,6,2006_11,167614160273.06677,-1.8062814087889478,3.4960571289062727
0.1,8,2006_11,672100660143.3192,27.364004498033296,22.662042236328148
0.1,18,2006_11,276902794099.1154,21.278988890188145,13.323297119140648
0.1,6,2006_12,131782213809.413,-1.3215146605985524,4.578454589843773
0.1,8,2006_12,641637560437.3911,26.950289000746523,22.223016357421898
0.1,18,2006_12,300232063786.817,19.039532073233033,12.237634277343773
0.1,6,2007_01,95108061863.17206,-0.5395160514563031,5.731042480468773
0.1,8,2007_01,595392062035.6936,26.184702352390275,21.822290039062523
0.1,18,2007_01,318847702768.1296,17.50746972364925,11.537561035156273
0.1,6,2007_02,69218675938.2848,-0.5158439501645944,6.177880859375023
0.1,8,2007_02,561781652124.3441,26.133519266999997,21.782556152343773
0.1,18,2007_02,316499939696.0979,16.97186131023426,11.124597167968773
0.1,6,2007_03,62150414515.67362,-1.3527128672998288,5.759240722656273
0.1,8,2007_03,531738654719.42035,26.673192327360027,21.808190917968773
0.1,18,2007_03,307254864801.6543,16.952834378494742,11.041955566406273
0.1,6,2007_04,69193743001.69296,-1.6862665685925435,4.995690917968773
0.1,8,2007_04,506924827029.98956,27.33492917304011,21.982324218750023
0.1,18,2007_04,290921662840.2917,17.770667459455467,11.377099609375023
0.1,6,2007_05,78771813519.33842,-1.7225688300728734,4.264520263671898
0.1,8,2007_05,462248097417.40045,27.78104592558708,22.279351806640648
0.1,18,2007_05,255492608104.6393,19.42960164012584,12.231713867187523
0.1,6,2007_06,84921804225.37828,-1.765828468102825,3.6958251953125227
0.1,8,2007_06,413808442291.0447,28.042652840010646,22.720697021484398
0.1,18,2007_06,221846039272.6127,21.480485501871158,13.647363281250023
0.1,6,2007_07,95401281247.36067,-1.783225351957185,3.3168884277343977
0.1,8,2007_07,373065670148.0833,27.80332432496175,23.152734375000023
0.1,18,2007_07,191138356664.30734,22.938222934273426,15.227166748046898
0.1,6,2007_08,96663160570.66449,-1.8878982508339277,3.0714660644531477
0.1,8,2007_08,335887458100.32587,27.597485691078305,23.466210937500023
0.1,18,2007_08,169837313324.91916,23.89836703645119,15.914270019531273
0.1,6,2007_09,97589507408.1164,-1.8133743627623176,2.9769531250000227
0.1,8,2007_09,306151390914.77795,27.553658159736074,23.374749755859398
0.1,18,2007_09,163410352235.9004,23.635354283661513,15.426812744140648
0.1,6,2007_10,94745635209.50873,-1.8161330584281927,3.0801635742187727
0.1,8,2007_10,287024583784.45355,27.12581933935195,22.806787109375023
0.1,18,2007_10,161414849490.97882,22.708128094758877,14.325769042968773
0.1,6,2007_11,85884748023.25447,-1.7234059120830807,3.5616699218750227
0.1,8,2007_11,272041441650.78577,26.490466313393313,22.239953613281273
0.1,18,2007_11,176123366858.35367,20.515589375563763,13.135919189453148
0.1,6,2007_12,72419224548.27791,-1.4264947048793601,4.465844726562523
0.1,8,2007_12,261440556725.24255,25.757316624528755,21.778131103515648
0.1,18,2007_12,190387715003.43317,18.55874928781344,12.086816406250023
0.25,6,2004_1,13776977104161.842,-1.5531316879445853,5.717156982421898
0.25,8,2004_1,0.0,-273.15,21.835992431640648
0.25,18,2004_1,0.0,-273.15,11.544885253906273
0.25,6,2004_2,17129609074803.693,-1.586125841101648,6.141534423828148
0.25,8,2004_2,0.0,-273.15,21.789575195312523
0.25,18,2004_2,0.0,-273.15,11.151666259765648
0.25,6,2004_3,8789069612421.215,-1.7961917776817131,5.690454101562523
0.25,8,2004_3,0.0,-273.15,21.842858886718773
0.25,18,2004_3,0.0,-273.15,11.079797363281273
0.25,6,2004_4,5754927145487.811,-1.841625007745563,4.892724609375023
0.25,8,2004_4,0.0,-273.15,22.140618896484398
0.25,18,2004_4,0.0,-273.15,11.428674316406273
0.25,6,2004_5,3847261070920.7104,-1.8482310683298238,4.149835205078148
0.25,8,2004_5,0.0,-273.15,22.424096679687523
0.25,18,2004_5,0.0,-273.15,12.216821289062523
0.25,6,2004_6,2444020950997.3687,-1.8339325536319961,3.5782714843750227
0.25,8,2004_6,71133084.63393733,29.281341515919223,22.786309814453148
0.25,18,2004_6,62389590.20262348,21.255091010425076,13.741235351562523
0.25,6,2004_7,1808418593847.5251,-1.8330723959157353,3.2025695800781477
0.25,8,2004_7,9724805568484.906,29.046746622850492,23.323297119140648
0.25,18,2004_7,13796490802207.164,22.03181693614988,15.263604736328148
0.25,6,2004_8,1391914985849.7278,-1.820653785851846,3.0112854003906477
0.25,8,2004_8,10431397078431.605,28.673729200913613,23.600854492187523
0.25,18,2004_8,19315376217021.496,23.53095477821506,16.231591796875023
0.25,6,2004_9,1157228630220.6714,-1.8231939547481488,2.9536987304687727
0.25,8,2004_9,7246723378205.605,29.15298319942002,23.526208496093773
0.25,18,2004_9,11501178706974.125,23.09044622489364,15.545800781250023
0.25,6,2004_10,994369528172.5667,-1.8180104264503711,3.0815063476562727
0.25,8,2004_10,6873450765628.497,28.748055099780288,23.087091064453148
0.25,18,2004_10,7713896381822.602,21.766311632192696,14.426751708984398
0.25,6,2004_11,869417012777.7125,-1.7932212384016566,3.5971618652343977
0.25,8,2004_11,6244235479687.154,28.163944620098903,22.578820800781273
0.25,18,2004_11,4925822724883.559,19.547001663571564,13.210900878906273
0.25,6,2004_12,766826432375.2532,-1.2541905629125267,4.611871337890648
0.25,8,2004_12,4949853218666.38,27.08784095623662,22.181909179687523
0.25,18,2004_12,3049411567040.792,17.651145432518092,12.241601562500023
0.25,6,2005_1,553663389505.9989,-0.18891750204022628,5.761529541015648
0.25,8,2005_1,3938946916235.367,26.082805876570546,21.891625976562523
0.25,18,2005_1,1407942400904.0808,16.275747268072735,11.560601806640648
0.25,6,2005_2,437537519626.0404,-0.2433238707527039,6.211968994140648
0.25,8,2005_2,3318847864208.8433,26.273411030373722,21.826501464843773
0.25,18,2005_2,811186929348.3602,15.450592383270191,11.174676513671898
0.25,6,2005_3,416449190402.38605,-1.503747120383082,5.701959228515648
0.25,8,2005_3,2892042741663.049,26.650701463405085,21.979913330078148
0.25,18,2005_3,654751741045.9419,15.717536603912947,11.158959960937523
0.25,6,2005_4,482003292564.2472,-1.83226370907812,4.899926757812523
0.25,8,2005_4,2514337293601.419,27.925868198437968,22.115991210937523
0.25,18,2005_4,576908388733.2673,16.835991577922186,11.562921142578148
0.25,6,2005_5,506488920201.1057,-1.8374389574098586,4.178521728515648
0.25,8,2005_5,2172999288449.2107,29.12338232131765,22.510217285156273
0.25,18,2005_5,540752218992.9141,18.676407869221464,12.421563720703148
0.25,6,2005_6,481516125251.2146,-1.8419416173216518,3.6296020507812727
0.25,8,2005_6,1994219066607.1147,28.924116677580116,22.870538330078148
0.25,18,2005_6,509097832801.11237,21.014577754012407,13.905419921875023
0.25,6,2005_7,444471053944.43713,-1.8382883917759045,3.2291503906250227
0.25,8,2005_7,1906164799290.6626,28.873429081565746,23.346948242187523
0.25,18,2005_7,479697731977.76013,22.296940599479854,15.473504638671898
0.25,6,2005_8,403945031487.0322,-1.8415947027268658,3.0067382812500227
0.25,8,2005_8,1790951516300.5002,28.700482515947783,23.678002929687523
0.25,18,2005_8,451193113972.68994,23.193532479989074,16.219445800781273
0.25,6,2005_9,368583403749.2556,-1.8407037297797615,2.9658752441406477
0.25,8,2005_9,1702994398270.0215,28.471821914202224,23.502832031250023
0.25,18,2005_9,441307147208.92,22.627039825157055,15.624322509765648
0.25,6,2005_10,343461821705.88477,-1.837612105529388,3.1117797851562727
0.25,8,2005_10,1638963938716.4006,27.928582865917576,23.001702880859398
0.25,18,2005_10,415081212760.5605,21.72362099889301,14.395593261718773
0.25,6,2005_11,318950504359.2866,-1.8055833287270389,3.6258483886718977
0.25,8,2005_11,1550197196445.3435,27.1313495864199,22.441461181640648
0.25,18,2005_11,394146310724.86017,19.69271051808431,13.219232177734398
0.25,6,2005_12,264277881736.0582,-1.1324003178956445,4.706994628906273
0.25,8,2005_12,1430627645767.0151,25.95259687720204,21.970239257812523
0.25,18,2005_12,375481652142.3839,17.3829578242283,12.268945312500023
0.25,6,2006_1,163431187687.8423,0.3130648284256381,5.932000732421898
0.25,8,2006_1,1286778592984.2144,25.54137353331754,21.639093017578148
0.25,18,2006_1,389019051505.94867,16.122324662795904,11.612329101562523
0.25,6,2006_2,133046780465.32391,-0.04898737566878708,6.301446533203148
0.25,8,2006_2,1160202196657.0522,25.786272459702218,21.626672363281273
0.25,18,2006_2,411106474529.2941,15.588031862884407,11.225061035156273
0.25,6,2006_3,128079851692.58456,-1.097109790271361,5.795281982421898
0.25,8,2006_3,1082980194627.41,26.496607175040424,21.764825439453148
0.25,18,2006_3,383189644039.51556,15.837345483047386,11.125726318359398
0.25,6,2006_4,156577129843.47675,-1.6997228421298018,4.967340087890648
0.25,8,2006_4,1001004732295.6155,27.529370085273968,21.973718261718773
0.25,18,2006_4,323926783370.69244,17.458323870572258,11.532891845703148
0.25,6,2006_5,176606811542.34424,-1.7993889400161152,4.212030029296898
0.25,8,2006_5,932142625421.9124,28.144754284155795,22.279504394531273
0.25,18,2006_5,307974954055.6577,19.098326454486198,12.495629882812523
0.25,6,2006_6,188404883650.41266,-1.8316647543424551,3.6162963867187727
0.25,8,2006_6,858784002633.8134,28.251582317474572,22.751214599609398
0.25,18,2006_6,282046759398.0281,21.16371222123024,13.892785644531273
0.25,6,2006_7,190762130143.42307,-1.8339528752127308,3.2319580078125227
0.25,8,2006_7,790098898939.4448,28.15679143833222,23.209252929687523
0.25,18,2006_7,269188762677.62067,22.66003504276773,15.485070800781273
0.25,6,2006_8,185646370294.31934,-1.8334926931105429,3.0122924804687727
0.25,8,2006_8,729134660957.9109,28.142614772511592,23.611383056640648
0.25,18,2006_8,260977896625.24368,23.24820160194929,16.359613037109398
0.25,6,2006_9,180540928582.6025,-1.8209294187123533,2.9497924804687727
0.25,8,2006_9,687668727695.4702,28.05455610933825,23.544824218750023
0.25,18,2006_9,248711724883.46506,23.13162915466222,15.813623046875023
0.25,6,2006_10,171167642549.0142,-1.8354287802932845,3.0545288085937727
0.25,8,2006_10,655838612772.2606,27.31940146388439,23.066674804687523
0.25,18,2006_10,228218013481.35846,22.165389271647484,14.638604736328148
0.25,6,2006_11,161245261743.89566,-1.7798522277984716,3.4996887207031477
0.25,8,2006_11,634249998103.2878,26.893254374041533,22.663018798828148
0.25,18,2006_11,206129923458.67636,20.805880358212562,13.331750488281273
0.25,6,2006_12,133156197082.51045,-1.4477940736121582,4.540490722656273
0.25,8,2006_12,605876964458.8055,26.185367099362395,22.235040283203148
0.25,18,2006_12,207317664723.1697,18.244947353876626,12.299432373046898
0.25,6,2007_1,99378103912.96767,-0.6687627267558582,5.669213867187523
0.25,8,2007_1,566812152571.9081,25.23439397158876,21.852563476562523
0.25,18,2007_1,211682295864.36108,16.777753610822458,11.662164306640648
0.25,6,2007_2,69641842900.7753,-0.5046313697280311,6.123620605468773
0.25,8,2007_2,538865578875.7147,25.141413232335537,21.820336914062523
0.25,18,2007_2,214943262848.45377,16.307629558268843,11.303033447265648
0.25,6,2007_3,65509147655.86157,-1.2217666085747396,5.691857910156273
0.25,8,2007_3,506928009275.27594,25.78571726867,21.847619628906273
0.25,18,2007_3,206206601271.84445,16.352830120091426,11.229913330078148
0.25,6,2007_4,73430855173.37039,-1.659641657376369,4.905816650390648
0.25,8,2007_4,479245095763.59705,26.56603863574884,22.021142578125023
0.25,18,2007_4,209047393899.16922,17.100353695437605,11.548150634765648
0.25,6,2007_5,86282738955.9634,-1.7995065292061554,4.180535888671898
0.25,8,2007_5,435040231806.8624,27.247005317919047,22.320703125000023
0.25,18,2007_5,198226132141.04987,18.599363231007658,12.375634765625023
0.25,6,2007_6,95789591166.65274,-1.831081537271757,3.6280151367187727
0.25,8,2007_6,389965644079.6888,27.793718545037336,22.751306152343773
0.25,18,2007_6,184205235463.98734,20.52116995370227,13.747430419921898
0.25,6,2007_7,103695537261.42523,-1.8301601444580342,3.2760864257812727
0.25,8,2007_7,355193876839.53815,27.851056742625417,23.180688476562523
0.25,18,2007_7,179703781796.77783,21.565512225451528,15.245324707031273
0.25,6,2007_8,108147740021.14146,-1.8303427993375863,3.0611206054687727
0.25,8,2007_8,324445890550.9875,27.840744680491525,23.497033691406273
0.25,18,2007_8,174267435599.18588,22.34713296144122,15.917962646484398
0.25,6,2007_9,110858507353.24756,-1.825446252995789,2.9891906738281477
0.25,8,2007_9,298846571761.6122,27.784321800995997,23.394738769531273
0.25,18,2007_9,167811046561.0558,22.447090705066728,15.431237792968773
0.25,6,2007_10,108884510224.30273,-1.8215869493807304,3.0975280761718977
0.25,8,2007_10,283254034216.0985,27.034574554318056,22.811364746093773
0.25,18,2007_10,156488914869.95016,21.83218690336855,14.348535156250023
0.25,6,2007_11,102207793043.87106,-1.7694201773052214,3.5805297851562727
0.25,8,2007_11,271734032367.56674,25.974105263844535,22.243859863281273
0.25,18,2007_11,151079997609.98276,19.89239031631206,13.179406738281273
0.25,6,2007_12,90026346123.56792,-1.3879105862998813,4.453271484375023
0.25,8,2007_12,263906912250.16803,24.953573589019072,21.798150634765648
0.25,18,2007_12,139768025001.47153,18.031353017613696,12.174676513671898
1,6,2004_01,14931783521522.596,-1.5337164408371677,5.988092041015648
1,8,2004_01,0.0,-273.15,21.908990478515648
1,18,2004_01,0.0,-273.15,11.737817382812523
1,6,2004_02,17696281672528.453,-1.5433869723474913,6.390435791015648
1,8,2004_02,0.0,-273.15,21.868737792968773
1,18,2004_02,0.0,-273.15,11.341577148437523
1,6,2004_03,8842487081394.434,-1.7624478678350215,5.889794921875023
1,8,2004_03,0.0,-273.15,21.904962158203148
1,18,2004_03,0.0,-273.15,11.257012939453148
1,6,2004_04,5692628005777.36,-1.835175451096859,5.025781250000023
1,8,2004_04,0.0,-273.15,22.187402343750023
1,18,2004_04,0.0,-273.15,11.585931396484398
1,6,2004_05,3642543310740.7983,-1.8423703243450404,4.236322021484398
1,8,2004_05,0.0,-273.15,22.447503662109398
1,18,2004_05,0.0,-273.15,12.332391357421898
1,6,2004_06,2176892919576.9822,-1.8244615517389207,3.6358886718750227
1,8,2004_06,1056992679.8128985,29.210995889560536,22.790490722656273
1,18,2004_06,910445272.4325371,21.431074197005046,13.786065673828148
1,6,2004_07,1625561394598.1538,-1.8294195132785944,3.2499938964843977
1,8,2004_07,10866251045951.844,28.9007972307906,23.289483642578148
1,18,2004_07,14870909058203.133,22.171447654774056,15.258477783203148
1,6,2004_08,1286786442728.232,-1.8267648776941883,3.0503173828125227
1,8,2004_08,10788045401470.871,28.618969922134795,23.545709228515648
1,18,2004_08,20236882413007.19,23.72032487582328,16.198602294921898
1,6,2004_09,1076671616082.8567,-1.8300852831548582,2.9968811035156477
1,8,2004_09,7432583084324.963,29.05301464491731,23.485925292968773
1,18,2004_09,11707548567224.77,23.013660268763033,15.575189208984398
1,6,2004_10,924855834998.9933,-1.8186465751499554,3.1438232421875227
1,8,2004_10,6956669950183.257,28.697331959789835,23.082971191406273
1,18,2004_10,7234685200515.861,21.456386185831775,14.526361083984398
1,6,2004_11,834590514426.0714,-1.7839934273670224,3.7059265136718977
1,8,2004_11,6173172658387.363,28.2083029474922,22.617822265625023
1,18,2004_11,4348454321274.621,19.19744199581453,13.361383056640648
1,6,2004_12,705285879171.7987,-1.1234001967529252,4.811242675781273
1,8,2004_12,5071719415944.549,27.290413439907127,22.245751953125023
1,18,2004_12,2623204944051.4497,17.203522437527454,12.422998046875023
1,6,2005_01,467595637317.8945,0.18595238978861062,5.996636962890648
1,8,2005_01,4004689245796.9106,26.336796168346837,21.975579833984398
1,18,2005_01,1458278889079.7925,15.77774544565466,11.729089355468773
1,6,2005_02,365817935686.9241,0.1210658278982919,6.427850341796898
1,8,2005_02,3380129391113.329,26.541610633640857,21.907922363281273
1,18,2005_02,896070106491.2336,14.903434870309127,11.361962890625023
1,6,2005_03,355043927133.8766,-1.3483103411858792,5.890496826171898
1,8,2005_03,3040898516051.563,27.001766152366713,22.052667236328148
1,18,2005_03,655071571137.1597,15.254778940187578,11.354791259765648
1,6,2005_04,437548061299.77966,-1.8124519016218983,5.041711425781273
1,8,2005_04,2760313109002.579,28.256707235055956,22.168572998046898
1,18,2005_04,533649470256.5821,16.570409078170144,11.734826660156273
1,6,2005_05,484323299519.12225,-1.8280739025474304,4.276940917968773
1,8,2005_05,2379939675905.46,29.58404701892664,22.546899414062523
1,18,2005_05,458240249465.42316,18.85951810743103,12.556787109375023
1,6,2005_06,472354572040.5902,-1.8379750212496333,3.7034851074218977
1,8,2005_06,2050437666803.5679,29.390748491981697,22.869500732421898
1,18,2005_06,398380878882.62537,21.53584329833768,13.966973876953148
1,6,2005_07,454287670428.99756,-1.840539618417722,3.2838378906250227
1,8,2005_07,1882417530697.864,29.180442631751134,23.311822509765648
1,18,2005_07,364407537090.8975,23.331343544396077,15.484368896484398
1,6,2005_08,431359898497.9311,-1.841396098271673,3.0441833496093977
1,8,2005_08,1704542499592.4531,28.813979659121628,23.621545410156273
1,18,2005_08,348569251620.4717,24.0161629364718,16.215264892578148
1,6,2005_09,405754330701.65405,-1.838672291963121,3.0057922363281477
1,8,2005_09,1578253971463.7776,28.701154469511437,23.445184326171898
1,18,2005_09,368611248420.7558,23.0963079437621,15.655725097656273
1,6,2005_10,381756711686.98804,-1.8261998143741494,3.1721435546875227
1,8,2005_10,1509085266633.2568,28.6850819686436,22.979272460937523
1,18,2005_10,387926804852.7814,21.496456704937316,14.485253906250023
1,6,2005_11,353776266418.5543,-1.745630419083568,3.7365661621093977
1,8,2005_11,1431006542327.7837,28.283731822046605,22.468499755859398
1,18,2005_11,411708099912.4217,19.178664726940156,13.362786865234398
1,6,2005_12,273693665085.42993,-1.0235821330800263,4.913171386718773
1,8,2005_12,1368252637556.792,27.385361443127294,22.024987792968773
1,18,2005_12,400267132832.3803,16.323116991699578,12.464593505859398
1,6,2006_01,156509070150.8553,0.6625702416424701,6.167047119140648
1,8,2006_01,1243081284165.5112,26.806869960072106,21.713067626953148
1,18,2006_01,379425954225.1646,15.140810018261163,11.826348876953148
1,6,2006_02,125860214537.20425,0.67491862146926,6.501794433593773
1,8,2006_02,1128007641829.3933,26.80981233137669,21.703027343750023
1,18,2006_02,373491964619.63275,14.64096397779042,11.445001220703148
1,6,2006_03,117921217643.16711,-0.3117511000475588,5.971429443359398
1,8,2006_03,1044731438293.9932,27.39210476840617,21.819421386718773
1,18,2006_03,335441398040.2833,14.861535478842029,11.356286621093773
1,6,2006_04,141973094013.50204,-1.3651633169247361,5.114923095703148
1,8,2006_04,966832230608.231,28.32151941829011,22.000848388671898
1,18,2006_04,283104482361.2558,16.850020808530928,11.746240234375023
1,6,2006_05,173340648002.0833,-1.6226467366407178,4.324945068359398
1,8,2006_05,897825533006.9285,28.741066187517276,22.296441650390648
1,18,2006_05,246930396157.73645,19.155852839547208,12.660424804687523
1,6,2006_06,198715343320.5086,-1.7707537979822519,3.6949401855468977
1,8,2006_06,816569113641.3579,28.732259998164295,22.742242431640648
1,18,2006_06,212200557687.57855,21.39233494966254,13.987512207031273
1,6,2006_07,206919042731.14874,-1.8106992202694983,3.2856994628906477
1,8,2006_07,745085497914.442,28.394456388068136,23.168572998046898
1,18,2006_07,185000819206.52808,24.32357724490356,15.514581298828148
1,6,2006_08,204257757713.671,-1.8336017027057778,3.0536743164062727
1,8,2006_08,688849923457.535,28.15268873839176,23.550439453125023
1,18,2006_08,181217671209.6099,24.455598546695228,16.359979248046898
1,6,2006_09,197071349405.1601,-1.8216509274820964,2.9885498046875227
1,8,2006_09,649263307802.7994,28.240523074515522,23.496820068359398
1,18,2006_09,184167837464.0358,23.568279375894576,15.858666992187523
1,6,2006_10,187113546445.03534,-1.8230574442249576,3.1126647949218977
1,8,2006_10,611050054543.6101,27.809478039928138,23.048303222656273
1,18,2006_10,191004885434.52728,21.979791162060167,14.745935058593773
1,6,2006_11,177011431381.93634,-1.7495331127452118,3.6078430175781477
1,8,2006_11,586928423251.1129,27.705950510586888,22.693078613281273
1,18,2006_11,197237367679.62625,19.872716821435404,13.529626464843773
1,6,2006_12,149685061250.47003,-1.4080958608940364,4.755670166015648
1,8,2006_12,575618938037.6187,27.329867825394786,22.301354980468773
1,18,2006_12,213675062351.62283,17.324541182008716,12.488427734375023
1,6,2007_01,109600100778.08138,-0.4436246527845924,5.915338134765648
1,8,2007_01,547229142382.0526,26.59042536128277,21.938043212890648
1,18,2007_01,218826172827.10406,15.811647856646175,11.868676757812523
1,6,2007_02,77926027776.02487,-0.012710711354486648,6.339013671875023
1,8,2007_02,511863462639.0926,26.416767539582565,21.903405761718773
1,18,2007_02,214940558280.14374,15.191846908744196,11.543206787109398
1,6,2007_03,69832049735.92377,-0.8102164056978154,5.866448974609398
1,8,2007_03,483427083698.9086,26.994107568362267,21.913293457031273
1,18,2007_03,201277809929.19485,15.14333399173438,11.461022949218773
1,6,2007_04,78934061615.85524,-1.51878654795496,5.043817138671898
1,8,2007_04,461365769805.40497,27.6513915578725,22.059136962890648
1,18,2007_04,184101501920.91632,16.19260000364943,11.755456542968773
1,6,2007_05,96311393849.44751,-1.7486435801487232,4.278802490234398
1,8,2007_05,427435717907.0834,28.171170204025884,22.332543945312523
1,18,2007_05,155986008633.19873,18.649066504979032,12.524255371093773
1,6,2007_06,106383604034.56642,-1.8075406795938989,3.6943603515625227
1,8,2007_06,388987808568.9052,28.40917806180255,22.732385253906273
1,18,2007_06,131468122438.22984,21.40502174552398,13.817376708984398
1,6,2007_07,116270108947.66563,-1.8186708395679716,3.3276916503906477
1,8,2007_07,359108047919.8442,28.17029751224834,23.128808593750023
1,18,2007_07,118054301605.8272,23.22920589511608,15.267572021484398
1,6,2007_08,122585350702.16931,-1.8210248252402153,3.0974365234375227
1,8,2007_08,331312778064.1283,27.889204174974736,23.420953369140648
1,18,2007_08,112704760897.2387,23.958574058951513,15.928002929687523
1,6,2007_09,123650485918.80453,-1.8296226326598912,3.0219970703125227
1,8,2007_09,307381619682.4109,27.901572452674486,23.323175048828148
1,18,2007_09,115575462984.77855,23.16203539225768,15.517388916015648
1,6,2007_10,121137941703.10138,-1.8150899881412101,3.1498352050781477
1,8,2007_10,291702422006.2861,27.532712397703563,22.780969238281273
1,18,2007_10,119655251864.80359,21.62504619960049,14.481103515625023
1,6,2007_11,112922942664.48515,-1.739743557867257,3.6837402343750227
1,8,2007_11,278234577251.95,27.067357437771648,22.261468505859398
1,18,2007_11,132000020914.72774,18.571955738950066,13.395410156250023
1,6,2007_12,100944340280.03574,-1.4902553377686445,4.649468994140648
1,8,2007_12,272286986856.2543,26.475293571310715,21.848321533203148
1,18,2007_12,135998328942.46092,16.450005219758452,12.410852050781273
0.1,3,2004_01,0.0,-273.15,22.407556152343773
0.1,13,2004_01,15462963158451.686,0.737207019087009,3.8735900878906477
0.1,21,2004_01,0.0,-273.15,14.921746826171898
0.1,3,2004_02,0.0,-273.15,22.539788818359398
0.1,13,2004_02,13200347318998.65,0.7731243632034079,4.251275634765648
0.1,21,2004_02,0.0,-273.15,14.794610595703148
0.1,3,2004_03,0.0,-273.15,22.542749023437523
0.1,13,2004_03,3557073883640.4487,-0.9549942409419714,3.8540588378906477
0.1,21,2004_03,0.0,-273.15,14.734918212890648
0.1,3,2004_04,0.0,-273.15,22.589379882812523
0.1,13,2004_04,1390220885191.3582,-1.7404875083802267,3.1180053710937727
0.1,21,2004_04,0.0,-273.15,14.864617919921898
0.1,3,2004_05,0.0,-273.15,22.585870361328148
0.1,13,2004_05,888009450096.8823,-1.8019360809715863,2.4208312988281477
0.1,21,2004_05,0.0,-273.15,15.164270019531273
0.1,3,2004_06,9835075.841785531,25.88963518644698,22.628839111328148
0.1,13,2004_06,697009263755.188,-1.8269947594853875,1.9540344238281477
0.1,21,2004_06,11586983.971662141,26.809534848061162,15.947961425781273
0.1,3,2004_07,6733154683539.845,26.303391507154572,22.852685546875023
0.1,13,2004_07,594289603307.2592,-1.8341519208259456,1.6420837402343977
0.1,21,2004_07,16546679147485.34,28.07156276549398,16.846826171875023
0.1,3,2004_08,9092936651702.943,26.71526287333046,22.962609863281273
0.1,13,2004_08,579569386144.971,-1.837332545943184,1.4602905273437727
0.1,21,2004_08,16564873178415.178,27.354734767817092,17.391229248046898
0.1,3,2004_09,7001077943120.905,27.00035850137499,22.883142089843773
0.1,13,2004_09,527271148698.0558,-1.8403965855981141,1.3989196777343977
0.1,21,2004_09,10414531011838.375,26.625090405823812,16.919976806640648
0.1,3,2004_10,5500080662762.382,26.717735198056232,22.642480468750023
0.1,13,2004_10,463632338301.21246,-1.8406897606100188,1.4861083984375227
0.1,21,2004_10,6328603845285.0625,24.54577619721374,16.207849121093773
0.1,3,2004_11,4493520788419.174,26.102738961070088,22.459527587890648
0.1,13,2004_11,391253573595.45825,-1.7898343363881395,1.8808532714843977
0.1,21,2004_11,4041306717719.8516,22.016288952002924,15.611718750000023
0.1,3,2004_12,3549779328807.4463,25.221252898720763,22.408532714843773
0.1,13,2004_12,229238620704.39136,-0.8694197235045067,2.8651672363281477
0.1,21,2004_12,2529613727675.522,19.907082676583116,15.184899902343773
0.1,3,2005_01,2799457250371.187,24.64305130559194,22.433404541015648
0.1,13,2005_01,95800598206.81326,1.111279875567277,4.034082031250023
0.1,21,2005_01,1681134685670.3765,18.54973014973757,14.984948730468773
0.1,3,2005_02,2512248150970.625,24.330311420079568,22.496026611328148
0.1,13,2005_02,72917413142.56656,0.9290714183351838,4.340631103515648
0.1,21,2005_02,1075911558565.5298,17.749691583067374,14.902429199218773
0.1,3,2005_03,2121166974770.852,23.994291414423742,22.576226806640648
0.1,13,2005_03,81062416070.62405,-0.5858075281906849,3.8577209472656477
0.1,21,2005_03,795216319190.4073,17.284105583860423,14.940209960937523
0.1,3,2005_04,1756732370074.5269,24.124360252818633,22.539788818359398
0.1,13,2005_04,109465860511.55849,-1.5787507751289809,3.0761047363281477
0.1,21,2005_04,623828309185.227,18.133628211334724,15.073480224609398
0.1,3,2005_05,1461496403855.9314,25.293045616160327,22.613916015625023
0.1,13,2005_05,173111819052.21042,-1.8098876636177579,2.4550720214843977
0.1,21,2005_05,509406702495.3103,19.452377764671496,15.372460937500023
0.1,3,2005_06,1231037735112.7004,25.94838195457578,22.688195800781273
0.1,13,2005_06,231540001418.61398,-1.8240465935774068,2.0052429199218977
0.1,21,2005_06,400836084589.5076,21.856310673621067,16.093164062500023
0.1,3,2005_07,1065002176111.2882,26.236966335258785,22.872521972656273
0.1,13,2005_07,255501832834.73328,-1.8269647549348065,1.6549316406250227
0.1,21,2005_07,291603349844.8248,24.95160647920335,17.004937744140648
0.1,3,2005_08,923793951361.2596,26.753034420730785,23.036492919921898
0.1,13,2005_08,263255050912.4254,-1.8341855461449654,1.4535156250000227
0.1,21,2005_08,233139295626.6308,26.023274026314994,17.399560546875023
0.1,3,2005_09,829089677376.9937,26.889688631025535,22.893060302734398
0.1,13,2005_09,283004384430.05927,-1.824665972410969,1.3929382324218977
0.1,21,2005_09,219051470311.92352,24.823461696135894,16.946893310546898
0.1,3,2005_10,814867244814.2495,26.262961802112898,22.608819580078148
0.1,13,2005_10,294941314111.8754,-1.826826712947934,1.4998718261718977
0.1,21,2005_10,233286792241.29745,22.560667847928528,16.167382812500023
0.1,3,2005_11,829423283139.6973,25.629717347389885,22.396508789062523
0.1,13,2005_11,293996110387.0151,-1.7752677944979496,1.9131713867187727
0.1,21,2005_11,279423193241.644,20.37048351859073,15.544702148437523
0.1,3,2005_12,881774620881.6736,25.232974577229015,22.309014892578148
0.1,13,2005_12,220970329916.6289,-1.0203749948990435,2.9550720214843977
0.1,21,2005_12,330050085746.3287,19.343296700034614,15.186578369140648
0.1,3,2006_01,933311671179.3109,24.764250312073955,22.309259033203148
0.1,13,2006_01,138277836898.09482,0.49925676312875567,4.184564208984398
0.1,21,2006_01,352615226564.5457,18.647146296487847,15.030511474609398
0.1,3,2006_02,919694696375.1586,24.426817448792292,22.431176757812523
0.1,13,2006_02,114902011433.5093,0.0723082330424063,4.466394042968773
0.1,21,2006_02,364781908994.53174,18.086764467399348,14.954370117187523
0.1,3,2006_03,842145874545.296,24.444825932875005,22.490930175781273
0.1,13,2006_03,116814409964.32207,-1.2581155835857203,3.9943786621093977
0.1,21,2006_03,362173975133.01886,17.722238656736863,14.878228759765648
0.1,3,2006_04,745728579644.8765,24.730076271666405,22.500299072265648
0.1,13,2006_04,158039301593.9866,-1.7455240275887718,3.1934143066406477
0.1,21,2006_04,328184731521.64325,18.01242962670807,15.015374755859398
0.1,3,2006_05,630027520559.7644,25.15729638518752,22.487390136718773
0.1,13,2006_05,199132121823.15112,-1.8062102793303438,2.5276428222656477
0.1,21,2006_05,276161203118.40735,19.343269909429694,15.426293945312523
0.1,3,2006_06,504645852106.67706,26.397547366873425,22.610009765625023
0.1,13,2006_06,213648525040.3015,-1.832013580269404,2.0169921875000227
0.1,21,2006_06,213340982376.65158,21.35121680900471,16.073236083984398
0.1,3,2006_07,440959021734.4573,26.88085263897392,22.768029785156273
0.1,13,2006_07,231834363657.27542,-1.8401963516003548,1.6911254882812727
0.1,21,2006_07,161885707477.70407,23.075243662864068,16.979760742187523
0.1,3,2006_08,398330223298.8527,27.278360328334088,22.978540039062523
0.1,13,2006_08,228592338070.8784,-1.833771791248921,1.4878784179687727
0.1,21,2006_08,129944086343.40555,24.150560149423598,17.454492187500023
0.1,3,2006_09,381022387972.3002,27.49718010352956,22.918328857421898
0.1,13,2006_09,233676556498.75027,-1.8349537202373085,1.4052978515625227
0.1,21,2006_09,131613802396.33334,23.28158402919729,17.068688964843773
0.1,3,2006_10,403274095660.74493,27.19910161645288,22.630700683593773
0.1,13,2006_10,244523007226.99118,-1.8396783919592394,1.4828125000000227
0.1,21,2006_10,155704633486.6226,21.23763984767038,16.323419189453148
0.1,3,2006_11,428787379057.0518,26.77107303555107,22.492333984375023
0.1,13,2006_11,254406624103.7228,-1.7916366282610738,1.8441406250000227
0.1,21,2006_11,187443862236.5002,19.557689066311127,15.637872314453148
0.1,3,2006_12,474817350156.9907,26.11161111666968,22.422662353515648
0.1,13,2006_12,244005999946.66678,-1.3887173224364915,2.8147827148437727
0.1,21,2006_12,228464364433.57263,18.224879243594216,15.222528076171898
0.1,3,2007_01,513658808869.8572,25.449462413852302,22.369897460937523
0.1,13,2007_01,191651410622.82138,-0.49549385926286504,3.8712097167968977
0.1,21,2007_01,252096214747.90857,17.67978894878422,15.067376708984398
0.1,3,2007_02,534922615518.5835,25.108837897767273,22.467156982421898
0.1,13,2007_02,152795495331.93265,-0.5641375817785388,4.254785156250023
0.1,21,2007_02,271099983533.4378,17.326055161206227,14.970269775390648
0.1,3,2007_03,495064516815.32794,25.26920052543909,22.458215332031273
0.1,13,2007_03,165727199295.13455,-1.6420854717003408,3.8338562011718977
0.1,21,2007_03,259844026413.67725,17.219607490442627,14.941522216796898
0.1,3,2007_04,448322369783.05194,25.63188650754995,22.446038818359398
0.1,13,2007_04,180478102003.2196,-1.7786965627338418,3.1173950195312727
0.1,21,2007_04,240302304297.8317,17.67130977321034,15.042260742187523
0.1,3,2007_05,393990895543.1514,26.360966485608287,22.470117187500023
0.1,13,2007_05,195038056518.09073,-1.8395300490301452,2.4677368164062727
0.1,21,2007_05,201434816713.99048,18.965506737680187,15.271936035156273
0.1,3,2007_06,347531440950.3227,27.218283694130434,22.600549316406273
0.1,13,2007_06,202112031249.5605,-1.8433909426520358,2.0044189453125227
0.1,21,2007_06,161190418948.99072,20.61670864584829,15.886865234375023
0.1,3,2007_07,343310525763.5323,27.482818412954657,22.751123046875023
0.1,13,2007_07,209387457389.0909,-1.8409835080245216,1.7111145019531477
0.1,21,2007_07,122741204832.7588,22.683161758728204,16.768060302734398
0.1,3,2007_08,341922125460.67896,27.648979503302314,22.892846679687523
0.1,13,2007_08,213213871938.80176,-1.8437838014045838,1.5093933105468977
0.1,21,2007_08,102268390499.96951,23.201068601884913,17.092614746093773
0.1,3,2007_09,342670304002.2471,27.59352134293289,22.801660156250023
0.1,13,2007_09,219476959377.3291,-1.8474697946448941,1.4194580078125227
0.1,21,2007_09,97860094139.04143,22.754676410316108,16.742120361328148
0.1,3,2007_10,351576221653.59625,27.103907097596846,22.449121093750023
0.1,13,2007_10,220546950535.27426,-1.8345046142878232,1.5001464843750227
0.1,21,2007_10,108163261104.98943,21.357202055549806,16.090509033203148
0.1,3,2007_11,353402692009.4298,26.47935223777847,22.188745117187523
0.1,13,2007_11,210275695738.4851,-1.769682695971028,1.8578125000000227
0.1,21,2007_11,132375325779.08618,19.911085728320415,15.509027099609398
0.1,3,2007_12,358544857084.59656,25.863314898688316,22.060723876953148
0.1,13,2007_12,188362472893.45312,-1.361219076158136,2.6054626464843977
0.1,21,2007_12,164761753579.5005,18.62098100126019,15.071618652343773
0.25,3,2004_1,0.0,-273.15,22.424127197265648
0.25,13,2004_1,15082217373621.297,0.6807500653520719,3.8044982910156477
0.25,21,2004_1,0.0,-273.15,15.005975341796898
0.25,3,2004_2,0.0,-273.15,22.565454101562523
0.25,13,2004_2,13016959092827.506,0.5646519356097883,4.195306396484398
0.25,21,2004_2,0.0,-273.15,14.907586669921898
0.25,3,2004_3,0.0,-273.15,22.566491699218773
0.25,13,2004_3,3815259749227.26,-1.1624280812709458,3.7802062988281477
0.25,21,2004_3,0.0,-273.15,14.844567871093773
0.25,3,2004_4,0.0,-273.15,22.607080078125023
0.25,13,2004_4,1755815639356.4255,-1.7869229906171427,3.0456176757812727
0.25,21,2004_4,0.0,-273.15,14.944085693359398
0.25,3,2004_5,0.0,-273.15,22.596582031250023
0.25,13,2004_5,1099616550643.1343,-1.812970844586971,2.3610778808593977
0.25,21,2004_5,0.0,-273.15,15.218560791015648
0.25,3,2004_6,66198750.38232222,25.93697361532469,22.631951904296898
0.25,13,2004_6,826445543217.8412,-1.8211008101913535,1.9129577636718977
0.25,21,2004_6,58451585.127122074,26.451200305600537,15.982324218750023
0.25,3,2004_7,6804919095894.2,26.279029004628796,22.854486083984398
0.25,13,2004_7,661388801810.7925,-1.8244806358513301,1.6260620117187727
0.25,21,2004_7,14905937704273.11,27.905121817363465,16.828088378906273
0.25,3,2004_8,9108118189417.867,26.6509673042558,22.969384765625023
0.25,13,2004_8,558241575756.8287,-1.8258365656121214,1.4724975585937727
0.25,21,2004_8,16130794115120.055,27.22282402112711,17.384912109375023
0.25,3,2004_9,7166838019007.862,26.93683750794429,22.882989501953148
0.25,13,2004_9,483369700694.05597,-1.830418514904352,1.4282470703125227
0.25,21,2004_9,10110390735321.084,26.34050946809515,16.918634033203148
0.25,3,2004_10,5629417587873.011,26.67750869205213,22.632348632812523
0.25,13,2004_10,425412439597.0757,-1.8256604166880948,1.5168701171875227
0.25,21,2004_10,6058597448316.4,24.195463824356693,16.200708007812523
0.25,3,2004_11,4448406452878.019,26.085444046832663,22.453881835937523
0.25,13,2004_11,368813798083.4216,-1.7859706559854658,1.9038024902343977
0.25,21,2004_11,3721237912617.7227,21.519705011178303,15.605767822265648
0.25,3,2004_12,3506640633092.8467,25.21288046226516,22.416619873046898
0.25,13,2004_12,222878394070.997,-1.2037878502727608,2.8403564453125227
0.25,21,2004_12,2435781665665.6235,19.16178307311543,15.210656738281273
0.25,3,2005_1,2749142660263.196,24.747281468885603,22.448968505859398
0.25,13,2005_1,99778745240.16321,0.29911158116050274,3.9492736816406477
0.25,21,2005_1,1612312342632.2388,17.45145626551738,15.066247558593773
0.25,3,2005_2,2462761569169.4634,24.504975382500504,22.515466308593773
0.25,13,2005_2,71258495831.76149,0.4004318918709373,4.266412353515648
0.25,21,2005_2,1056763197885.658,16.448009120653637,14.986474609375023
0.25,3,2005_3,2103317546262.6343,24.229815217110172,22.597406005859398
0.25,13,2005_3,93362148573.41705,-0.7255689373870382,3.7743774414062727
0.25,21,2005_3,746945389708.2543,16.32352352584894,15.032250976562523
0.25,3,2005_4,1730325082173.4426,24.282668275001356,22.558465576171898
0.25,13,2005_4,139249044811.37216,-1.5242617027952292,2.9844604492187727
0.25,21,2005_4,587071738981.1047,17.221584825770492,15.151086425781273
0.25,3,2005_5,1370533318472.3687,25.371479071148485,22.625970458984398
0.25,13,2005_5,189901344873.86243,-1.760428033166022,2.3750244140625227
0.25,21,2005_5,477045294635.39844,18.77953572260361,15.415032958984398
0.25,3,2005_6,1153362536955.0276,25.854140954352033,22.697259521484398
0.25,13,2005_6,214048854255.13037,-1.7994355574440988,1.9509521484375227
0.25,21,2005_6,375263499377.62164,21.47158601857973,16.114831542968773
0.25,3,2005_7,989029389275.8696,26.11581130469233,22.877801513671898
0.25,13,2005_7,222799663477.56866,-1.8121341939263402,1.6385131835937727
0.25,21,2005_7,285556010431.58704,24.99949565397992,16.995751953125023
0.25,3,2005_8,849650018326.2913,26.59726043219547,23.042626953125023
0.25,13,2005_8,230790080605.33484,-1.8205085260262308,1.4670654296875227
0.25,21,2005_8,238411799088.98367,26.077900922204606,17.390557861328148
0.25,3,2005_9,754010731466.2316,26.75384495936504,22.894219970703148
0.25,13,2005_9,231103931780.54114,-1.8164965635817225,1.4278198242187727
0.25,21,2005_9,218977059405.92575,24.874887454458076,16.952569580078148
0.25,3,2005_10,719636401952.6936,26.095464901259447,22.603021240234398
0.25,13,2005_10,232909221158.93054,-1.8170973395423289,1.5312438964843977
0.25,21,2005_10,223472469111.8718,22.43032263176599,16.197320556640648
0.25,3,2005_11,736183076036.473,25.464383129244993,22.397729492187523
0.25,13,2005_11,225828998108.6895,-1.7601795577556913,1.9317260742187727
0.25,21,2005_11,262568034732.54767,20.2429929677848,15.602685546875023
0.25,3,2005_12,802840884305.977,25.221453395581477,22.317041015625023
0.25,13,2005_12,178793568622.76068,-0.8187758494584614,2.9218994140625227
0.25,21,2005_12,303195946277.2983,18.882639189669646,15.252496337890648
0.25,3,2006_1,882607671836.7654,24.812596336740285,22.334008789062523
0.25,13,2006_1,109372348897.14656,0.9182792074307713,4.111871337890648
0.25,21,2006_1,324931833970.0873,17.880931557791143,15.112603759765648
0.25,3,2006_2,869304373722.9137,24.487852989515204,22.463800048828148
0.25,13,2006_2,82671806986.8624,1.1060345934554334,4.412805175781273
0.25,21,2006_2,337147678289.595,17.033975948937268,15.060968017578148
0.25,3,2006_3,798439801558.9088,24.590881537648386,22.517572021484398
0.25,13,2006_3,89054985050.98387,-0.3737327853669399,3.9164062500000227
0.25,21,2006_3,335925626057.15533,16.554443399177444,15.004876708984398
0.25,3,2006_4,705325386836.3483,24.884356811950624,22.526574707031273
0.25,13,2006_4,119417481876.66382,-1.579100120500641,3.1072937011718977
0.25,21,2006_4,300645965374.47955,16.972552892072827,15.100762939453148
0.25,3,2006_5,586768479535.6135,25.297890702182656,22.509210205078148
0.25,13,2006_5,159856977707.41663,-1.7977827538280735,2.4467407226562727
0.25,21,2006_5,248181934879.73187,18.56052529932424,15.469659423828148
0.25,3,2006_6,473539699066.48065,26.467356966063846,22.616723632812523
0.25,13,2006_6,180132174707.86075,-1.809668878384059,1.9560791015625227
0.25,21,2006_6,188276472417.1019,21.011554644957073,16.095697021484398
0.25,3,2006_7,409554678660.6493,26.869014788154175,22.776727294921898
0.25,13,2006_7,183486372586.58282,-1.8097712612816395,1.6590820312500227
0.25,21,2006_7,137484978464.73212,23.59337263556978,16.966790771484398
0.25,3,2006_8,357906008320.69977,27.269427637198135,22.982446289062523
0.25,13,2006_8,176939513062.63306,-1.8170075519780653,1.4828430175781477
0.25,21,2006_8,111607578956.78331,24.705482484715105,17.452905273437523
0.25,3,2006_9,333270713869.6648,27.542847960276163,22.918939208984398
0.25,13,2006_9,170652191765.904,-1.8164195890245196,1.4187561035156477
0.25,21,2006_9,115515876220.23079,23.30930869117219,17.083184814453148
0.25,3,2006_10,347633107054.3245,27.27902061092857,22.623956298828148
0.25,13,2006_10,166027882681.39673,-1.8104997628112187,1.4984375000000227
0.25,21,2006_10,136520628603.55737,20.865461595963495,16.338464355468773
0.25,3,2006_11,360573944816.9573,26.923662479710856,22.490167236328148
0.25,13,2006_11,156724319502.15088,-1.752874700672237,1.8418518066406477
0.25,21,2006_11,162155721996.79678,18.902546089244765,15.656182861328148
0.25,3,2006_12,404156725292.0133,26.227918755592782,22.433129882812523
0.25,13,2006_12,121132455416.52057,-1.2591583458001878,2.7621704101562727
0.25,21,2006_12,197774169092.1742,17.1290535827319,15.284631347656273
0.25,3,2007_1,445985653958.3734,25.609225067749264,22.396295166015648
0.25,13,2007_1,74150063267.5623,0.14610341215620792,3.7933898925781477
0.25,21,2007_1,222213137891.18582,16.367938935557333,15.171289062500023
0.25,3,2007_2,483983012099.1726,25.2971352548891,22.498101806640648
0.25,13,2007_2,50032852283.626114,0.6475516570220634,4.192559814453148
0.25,21,2007_2,238912381553.9649,16.006774797736284,15.116815185546898
0.25,3,2007_3,455287512986.2475,25.463133900223852,22.488427734375023
0.25,13,2007_3,52763510990.433,-0.5497982581908332,3.7610412597656477
0.25,21,2007_3,231481791184.84964,15.888965788945313,15.094537353515648
0.25,3,2007_4,419634548952.73376,25.735068185521982,22.470391845703148
0.25,13,2007_4,73587508145.24927,-1.5364700601751338,3.0240112304687727
0.25,21,2007_4,214438628685.97293,16.22388215445301,15.179010009765648
0.25,3,2007_5,376553063838.8995,26.44855570150719,22.490808105468773
0.25,13,2007_5,93453231710.88373,-1.806546056256252,2.3824707031250227
0.25,21,2007_5,179600730025.03006,17.426180004497553,15.380364990234398
0.25,3,2007_6,352977703095.77325,27.246080409627666,22.609185791015648
0.25,13,2007_6,114104505536.87204,-1.8276748908180593,1.9363342285156477
0.25,21,2007_6,139692349364.1441,19.30203607953939,15.957513427734398
0.25,3,2007_7,367984337781.52545,27.509330041661997,22.758050537109398
0.25,13,2007_7,122865623568.501,-1.8195012171207168,1.6711975097656477
0.25,21,2007_7,104939408539.2479,21.719553239124764,16.777032470703148
0.25,3,2007_8,383130146867.5549,27.670943882342726,22.899957275390648
0.25,13,2007_8,124443858587.11247,-1.8041804870453575,1.4992919921875227
0.25,21,2007_8,85518805556.35837,22.687980013717947,17.094598388671898
0.25,3,2007_9,390508831379.1814,27.547597569988056,22.803521728515648
0.25,13,2007_9,122194815034.54016,-1.8013456631786653,1.4321838378906477
0.25,21,2007_9,79821975946.07153,22.852535189794878,16.749353027343773
0.25,3,2007_10,407855817134.9723,27.01610117434575,22.443536376953148
0.25,13,2007_10,120575142158.19693,-1.806370244057291,1.5151306152343977
0.25,21,2007_10,91706589620.51726,20.72858351043692,16.112939453125023
0.25,3,2007_11,408450738220.7097,26.436958069628645,22.190240478515648
0.25,13,2007_11,113375027618.88858,-1.728452189599352,1.8692260742187727
0.25,21,2007_11,110923384460.12141,19.086577689232797,15.547082519531273
0.25,3,2007_12,410948836459.54614,25.88805042945563,22.081994628906273
0.25,13,2007_12,93401252608.01831,-1.3005671932889982,2.5805297851562727
0.25,21,2007_12,143700305040.72943,17.310884847907516,15.142114257812523
1,3,2004_01,0.0,-273.15,22.508630371093773
1,13,2004_01,11440106877042.668,1.6459294973691954,4.110498046875023
1,21,2004_01,0.0,-273.15,15.219750976562523
1,3,2004_02,0.0,-273.15,22.651544189453148
1,13,2004_02,10379242873035.668,1.4042627197230786,4.479241943359398
1,21,2004_02,0.0,-273.15,15.118676757812523
1,3,2004_03,0.0,-273.15,22.635064697265648
1,13,2004_03,3574767882811.536,-0.4971912363839692,4.011224365234398
1,21,2004_03,0.0,-273.15,15.045739746093773
1,3,2004_04,0.0,-273.15,22.661309814453148
1,13,2004_04,1573234895367.2344,-1.7366574820904361,3.2023864746093977
1,21,2004_04,0.0,-273.15,15.132897949218773
1,3,2004_05,0.0,-273.15,22.637445068359398
1,13,2004_05,941863295782.5433,-1.8047895328145387,2.4632507324218977
1,21,2004_05,0.0,-273.15,15.396936035156273
1,3,2004_06,962701668.6307352,25.929449094305426,22.662194824218773
1,13,2004_06,649930590828.3667,-1.7916692946527064,1.9804321289062727
1,21,2004_06,678706523.453815,26.662031662263132,16.129052734375023
1,3,2004_07,7111517785538.753,26.29271411248419,22.854119873046898
1,13,2004_07,467420849727.32263,-1.8001381243154242,1.6795898437500227
1,21,2004_07,12141563018436.535,27.875556904479197,16.939721679687523
1,3,2004_08,9523954543130.15,26.64325982030988,22.951226806640648
1,13,2004_08,375205670820.26807,-1.7926941216651926,1.5176330566406477
1,21,2004_08,10937690191595.793,27.103628805330516,17.474908447265648
1,3,2004_09,7199174211963.276,26.90577144403295,22.871148681640648
1,13,2004_09,327155325592.8377,-1.7968512617070473,1.4796691894531477
1,21,2004_09,7002754291495.505,25.825780390386285,17.040673828125023
1,3,2004_10,5585520213819.266,26.6810062847087,22.650323486328148
1,13,2004_10,290499760301.7996,-1.788949452011252,1.5871826171875227
1,21,2004_10,4282388887763.7104,22.94177776097331,16.365075683593773
1,3,2004_11,4406727143165.009,26.125601114190147,22.511224365234398
1,13,2004_11,242326927151.31683,-1.5889145665530577,2.0245605468750227
1,21,2004_11,2644017265652.523,19.616589221512868,15.804742431640648
1,3,2004_12,3540122847020.3633,25.375463125868976,22.498681640625023
1,13,2004_12,143749178117.34756,-0.32060992735119953,3.0624633789062727
1,21,2004_12,1869751022198.2534,17.48087207809209,15.420373535156273
1,3,2005_01,2933972130927.7534,24.9750960840438,22.545098876953148
1,13,2005_01,83046042437.50452,1.5806084501454052,4.217980957031273
1,21,2005_01,1275733511822.2354,15.626795423462681,15.268518066406273
1,3,2005_02,2536542625105.6064,24.74348521494801,22.603723144531273
1,13,2005_02,71086418490.50713,1.4414956559037364,4.517694091796898
1,21,2005_02,869351103364.2415,14.155957195409144,15.203637695312523
1,3,2005_03,2155969884781.3203,24.477835513454124,22.674523925781273
1,13,2005_03,74423557977.46535,0.3817594884148434,4.000939941406273
1,21,2005_03,654097273448.7793,13.18774413767352,15.249810791015648
1,3,2005_04,1736142044918.4204,24.505759206111634,22.617883300781273
1,13,2005_04,91531278614.20482,-0.835409770423496,3.1563354492187727
1,21,2005_04,526216928959.8396,13.351031768023631,15.352746582031273
1,3,2005_05,1372609116141.2231,25.496816580339498,22.674218750000023
1,13,2005_05,112228494774.3641,-1.4270611138257436,2.4916015625000227
1,21,2005_05,412474618213.2575,14.53937885172735,15.615411376953148
1,3,2005_06,1152538686387.8694,25.933467906973362,22.718743896484398
1,13,2005_06,121931019645.76888,-1.605956240576802,2.0347534179687727
1,21,2005_06,311781297482.86584,16.9148482475548,16.279473876953148
1,3,2005_07,968591075956.2305,26.18436826468667,22.871301269531273
1,13,2005_07,125437330261.37808,-1.685741301969415,1.6985107421875227
1,21,2005_07,221184141931.33066,21.19243836676418,17.131555175781273
1,3,2005_08,821725392576.4332,26.645371510483358,23.017175292968773
1,13,2005_08,131558805988.48982,-1.735444222968681,1.5104003906250227
1,21,2005_08,183336313216.8228,22.90098744467838,17.511773681640648
1,3,2005_09,719231606625.4735,26.78610154481828,22.869439697265648
1,13,2005_09,131824212179.40834,-1.7490741393269218,1.4739318847656477
1,21,2005_09,176742317940.31293,21.73179069275534,17.084527587890648
1,3,2005_10,684568017206.0486,26.165271912849505,22.610711669921898
1,13,2005_10,130533424587.97096,-1.7387770125458246,1.5975280761718977
1,21,2005_10,196366434231.25195,18.63846859930794,16.348352050781273
1,3,2005_11,710321858641.1819,25.629673620072822,22.448968505859398
1,13,2005_11,118222048375.58783,-1.613269069849025,2.0501037597656477
1,21,2005_11,228096788849.57254,16.132581087194467,15.778863525390648
1,3,2005_12,778140695893.073,25.439590001871352,22.392297363281273
1,13,2005_12,84115773114.34491,0.017849891386617855,3.1509338378906477
1,21,2005_12,242618113890.5275,14.85283323810097,15.469720458984398
1,3,2006_01,862815845038.85,25.003795309479585,22.420861816406273
1,13,2006_01,55957640324.80389,1.8469276250969529,4.376062011718773
1,21,2006_01,257956204392.8171,13.78417224898135,15.339318847656273
1,3,2006_02,870679582858.7201,24.631385972558803,22.548791503906273
1,13,2006_02,44277897460.505905,1.4866691336355302,4.642755126953148
1,21,2006_02,271233627402.17157,12.899569064774937,15.289514160156273
1,3,2006_03,779452117629.3451,24.63052381107383,22.580651855468773
1,13,2006_03,43862710157.6163,0.22060044567950854,4.121453857421898
1,21,2006_03,279340329989.77405,12.455980628782811,15.244134521484398
1,3,2006_04,662795008279.3182,24.84300006303738,22.568566894531273
1,13,2006_04,49457836927.06289,-1.050588054267564,3.2824645996093977
1,21,2006_04,259613777586.9757,13.112998924079704,15.339044189453148
1,3,2006_05,556118197476.8398,25.194078380168776,22.545098876953148
1,13,2006_05,64219355309.03998,-1.5496651592817443,2.5829711914062727
1,21,2006_05,211725136091.29706,14.565007242118838,15.693048095703148
1,3,2006_06,445816402399.5842,26.296376171885754,22.638879394531273
1,13,2006_06,77955667827.40756,-1.6798536951661163,2.0522399902343977
1,21,2006_06,164708429846.784,17.008084727458254,16.293664550781273
1,3,2006_07,380109430085.5427,26.74854053168383,22.772668457031273
1,13,2006_07,86108952165.45506,-1.7341977729766995,1.7290893554687727
1,21,2006_07,122127843478.85944,19.626004307244443,17.115167236328148
1,3,2006_08,324940011795.6127,27.162166474003243,22.958978271484398
1,13,2006_08,90506462808.75427,-1.7564231050167223,1.5369812011718977
1,21,2006_08,100693911290.92914,20.756048471022552,17.578454589843773
1,3,2006_09,294771887341.8702,27.36793033860272,22.903863525390648
1,13,2006_09,90482237337.59206,-1.7605266645549023,1.4687438964843977
1,21,2006_09,111645317013.78989,18.976237514012666,17.222741699218773
1,3,2006_10,296880245439.41846,27.181429148867778,22.631402587890648
1,13,2006_10,87999474477.71039,-1.7621293839615078,1.5690246582031477
1,21,2006_10,138528351523.7657,16.348103589353002,16.511407470703148
1,3,2006_11,310787763300.053,26.839356631896408,22.541894531250023
1,13,2006_11,82190978632.76935,-1.651804864859514,1.9642578125000227
1,21,2006_11,167735300965.66327,14.352964545697546,15.877099609375023
1,3,2006_12,356105674104.43665,26.154274776111833,22.513269042968773
1,13,2006_12,59273218170.97963,-0.7669398272100239,3.0052429199218977
1,21,2006_12,195488262637.44995,12.889684101780006,15.503228759765648
1,3,2007_01,388051472552.2455,25.52646234195862,22.487603759765648
1,13,2007_01,37270663396.359726,1.0380835504478227,4.076135253906273
1,21,2007_01,214147470754.76224,12.234709235611092,15.401147460937523
1,3,2007_02,409867112580.0593,25.190428459288626,22.583428955078148
1,13,2007_02,27847965102.560215,1.2821670241204401,4.444329833984398
1,21,2007_02,223799095708.04422,11.955436508995604,15.363580322265648
1,3,2007_03,380377874055.99976,25.344168340912233,22.556695556640648
1,13,2007_03,28277242527.879513,0.14460866263806338,3.9687133789062727
1,21,2007_03,215984052704.6573,11.806041675998017,15.338067626953148
1,3,2007_04,348259162390.14844,25.665349848447192,22.520166015625023
1,13,2007_04,35597234540.87656,-1.1523327397330263,3.1879821777343977
1,21,2007_04,193615308074.55118,12.189589643146405,15.410638427734398
1,3,2007_05,305541248641.8921,26.409397124647228,22.525415039062523
1,13,2007_05,43733795568.828865,-1.6664987303511225,2.4966064453125227
1,21,2007_05,162404397400.6904,13.192475561761057,15.596765136718773
1,3,2007_06,272475043577.56116,27.297422914824153,22.623071289062523
1,13,2007_06,54846924677.00296,-1.7535546481128677,2.0089050292968977
1,21,2007_06,124105982499.11116,15.212780535497927,16.150415039062523
1,3,2007_07,271548596131.84082,27.684429099160184,22.742364501953148
1,13,2007_07,61150304263.17153,-1.775104848234264,1.7246032714843977
1,21,2007_07,92030916358.45374,17.670388697033104,16.934350585937523
1,3,2007_08,280780366000.50836,27.807382598758068,22.863305664062523
1,13,2007_08,65026310162.50224,-1.7780151549809489,1.5381713867187727
1,21,2007_08,76464494195.01973,18.40856433336762,17.240960693359398
1,3,2007_09,293477368221.3623,27.728225196874178,22.770104980468773
1,13,2007_09,66780849877.67297,-1.7705701448701348,1.4682861328125227
1,21,2007_09,73454454733.19064,17.697849131743624,16.929620361328148
1,3,2007_10,320501502945.8014,27.263581826765005,22.445184326171898
1,13,2007_10,66581090742.52501,-1.7669213371300998,1.5705200195312727
1,21,2007_10,87004896431.86937,15.498996857093005,16.308984375000023
1,3,2007_11,339408184228.40564,26.582989906266107,22.231622314453148
1,13,2007_11,61169808790.15795,-1.5598426960186202,1.9794250488281477
1,21,2007_11,103592723490.32706,13.72394374698473,15.788995361328148
1,3,2007_12,352184365370.815,25.903149673267762,22.146081542968773
1,13,2007_12,44124109981.24442,-0.7025920141521738,2.8003479003906477
1,21,2007_12,123581136479.35988,12.315937831724,15.393182373046898
